Timestamp,Open,High,Low,Close,Volume
2012-01-02,21400.0,21600.0,21300.0,21600.0,13151350
2012-01-03,21860.0,22100.0,21840.0,22100.0,16927750
2012-01-04,22100.0,22200.0,21500.0,21600.0,17103700
2012-01-05,21460.0,21580.0,21100.0,21100.0,17298400
2012-01-06,21120.0,21320.0,20600.0,20800.0,18816250
2012-01-09,20800.0,20820.0,20300.0,20320.0,19283000
2012-01-10,20420.0,20720.0,20420.0,20520.0,20414800
2012-01-11,20340.0,20480.0,20280.0,20420.0,19110150
2012-01-12,20320.0,20580.0,20220.0,20560.0,18511000
2012-01-13,20560.0,21000.0,20520.0,20920.0,14630750
2012-01-16,20800.0,20800.0,20400.0,20600.0,11614950
2012-01-17,20820.0,20960.0,20480.0,20720.0,17084400
2012-01-18,21020.0,21040.0,20440.0,20600.0,15359650
2012-01-19,20760.0,21440.0,20740.0,21440.0,22385800
2012-01-20,21800.0,22100.0,21520.0,22100.0,25550800
2012-01-25,21840.0,22500.0,21840.0,22280.0,22751300
2012-01-26,22320.0,22420.0,21880.0,22260.0,17655150
2012-01-27,22400.0,22500.0,22220.0,22500.0,12741200
2012-01-30,22580.0,22600.0,22180.0,22300.0,16354450
2012-01-31,22100.0,22400.0,21780.0,22140.0,21731350
2012-02-01,22140.0,22140.0,21560.0,21580.0,22849650
2012-02-02,21720.0,22080.0,21360.0,21600.0,22402650
2012-02-03,21420.0,21680.0,21120.0,21320.0,17801400
2012-02-06,21680.0,21820.0,21320.0,21480.0,15837500
2012-02-07,21540.0,21920.0,21460.0,21860.0,11921950
2012-02-08,21980.0,22000.0,21680.0,21840.0,11809400
2012-02-09,21740.0,21800.0,21200.0,21680.0,24005850
2012-02-10,21680.0,21680.0,21220.0,21240.0,18579100
2012-02-13,21380.0,21780.0,21340.0,21660.0,16017250
2012-02-14,21680.0,21780.0,21480.0,21600.0,12317400
2012-02-15,21960.0,22760.0,21840.0,22700.0,28522350
2012-02-16,22600.0,22800.0,22420.0,22700.0,15411800
2012-02-17,23180.0,23600.0,23120.0,23520.0,17308450
2012-02-20,23560.0,23880.0,23320.0,23500.0,14814150
2012-02-21,23500.0,23960.0,23300.0,23600.0,10808250
2012-02-22,23640.0,24000.0,23440.0,23940.0,11779250
2012-02-23,23460.0,23580.0,23020.0,23200.0,23259200
2012-02-24,23060.0,23720.0,23060.0,23600.0,14240300
2012-02-27,23480.0,23600.0,23180.0,23420.0,8273300
2012-02-28,23920.0,24000.0,23620.0,23700.0,16648100
2012-02-29,23820.0,24180.0,23820.0,24120.0,17278300
2012-03-02,24300.0,24340.0,23580.0,23640.0,18023700
2012-03-05,23800.0,23820.0,23320.0,23480.0,11175250
2012-03-06,23580.0,23860.0,23340.0,23600.0,10572850
2012-03-07,23500.0,23660.0,23300.0,23440.0,11521550
2012-03-08,23600.0,23720.0,23300.0,23600.0,20270400
2012-03-09,23820.0,24620.0,23760.0,24600.0,18228800
2012-03-12,24480.0,24520.0,24200.0,24200.0,11826950
2012-03-13,24000.0,24580.0,24000.0,24420.0,11985550
2012-03-14,24600.0,25100.0,24600.0,25000.0,18279650
2012-03-15,25020.0,25200.0,24840.0,25000.0,14038800
2012-03-16,25200.0,25340.0,24760.0,24760.0,18070200
2012-03-19,24700.0,25360.0,24680.0,25200.0,11881850
2012-03-20,25340.0,25540.0,25200.0,25340.0,11935500
2012-03-21,25200.0,25200.0,24840.0,24840.0,12913550
2012-03-22,24700.0,25260.0,24700.0,25160.0,12675450
2012-03-23,24860.0,25480.0,24860.0,25220.0,10818600
2012-03-26,25360.0,25500.0,25220.0,25500.0,9237800
2012-03-27,25700.0,26220.0,25520.0,26220.0,14186350
2012-03-28,26000.0,26160.0,25900.0,26040.0,9914550
2012-03-29,25980.0,25980.0,25600.0,25600.0,11670000
2012-03-30,25400.0,25600.0,25140.0,25500.0,15281700
2012-04-02,25500.0,25980.0,25220.0,25980.0,12582950
2012-04-03,26400.0,26780.0,26040.0,26700.0,16507900
2012-04-04,26620.0,27020.0,26300.0,26400.0,14599350
2012-04-05,26040.0,26700.0,25940.0,26600.0,12921350
2012-04-06,26540.0,26680.0,26260.0,26640.0,10289650
2012-04-09,26400.0,26600.0,26120.0,26340.0,8572600
2012-04-10,26280.0,26400.0,26140.0,26220.0,11176100
2012-04-12,25660.0,25980.0,25360.0,25460.0,25240650
2012-04-13,25300.0,25540.0,25200.0,25360.0,35409200
2012-04-16,25460.0,25520.0,25000.0,25180.0,15222400
2012-04-17,25020.0,25280.0,24820.0,24980.0,14552300
2012-04-18,25540.0,26040.0,25380.0,25860.0,17253750
2012-04-19,25840.0,26140.0,25780.0,26140.0,13156400
2012-04-20,25880.0,25940.0,25560.0,25640.0,9900550
2012-04-23,25380.0,25600.0,25240.0,25580.0,8388400
2012-04-24,25300.0,25720.0,25240.0,25660.0,13238350
2012-04-25,26080.0,26300.0,25860.0,26100.0,13821600
2012-04-26,26400.0,26800.0,26340.0,26800.0,16479500
2012-04-27,27100.0,27660.0,27020.0,27480.0,15905350
2012-04-30,27900.0,28180.0,27540.0,27800.0,15757100
2012-05-02,28200.0,28360.0,27980.0,28200.0,18420750
2012-05-03,28040.0,28200.0,27960.0,28020.0,10327050
2012-05-04,27500.0,27960.0,26980.0,27200.0,20484300
2012-05-07,26840.0,27060.0,26500.0,26840.0,18908450
2012-05-08,26960.0,27040.0,26780.0,26820.0,12048600
2012-05-09,26700.0,26960.0,26480.0,26620.0,12661700
2012-05-10,26580.0,26720.0,26440.0,26540.0,13145000
2012-05-11,26300.0,26460.0,26060.0,26060.0,13626400
2012-05-14,26100.0,26540.0,26080.0,26280.0,15092100
2012-05-15,26080.0,26400.0,26000.0,26220.0,15558100
2012-05-16,25960.0,26000.0,24560.0,24600.0,38488900
2012-05-17,24600.0,24860.0,24020.0,24460.0,33041100
2012-05-18,24080.0,24100.0,23300.0,23320.0,30023750
2012-05-21,23880.0,24320.0,23800.0,24180.0,23702750
2012-05-22,25100.0,25100.0,24540.0,24800.0,23830550
2012-05-23,24800.0,24800.0,23900.0,24420.0,16157100
2012-05-24,24260.0,24500.0,23960.0,24500.0,15251250
2012-05-25,24660.0,24920.0,24460.0,24500.0,10164250
2012-05-29,24240.0,24760.0,24120.0,24760.0,10815350
2012-05-30,24760.0,24800.0,24300.0,24520.0,12653250
2012-05-31,24260.0,24260.0,23840.0,24220.0,22106900
2012-06-01,24260.0,24740.0,23980.0,24660.0,13554450
2012-06-04,23960.0,24100.0,23840.0,23920.0,18068750
2012-06-05,24020.0,24180.0,23860.0,24060.0,12848900
2012-06-07,24780.0,25300.0,24660.0,25300.0,20928350
2012-06-08,25500.0,25500.0,24900.0,24940.0,9956350
2012-06-11,25440.0,25500.0,25320.0,25360.0,9906200
2012-06-12,24920.0,25200.0,24900.0,25100.0,8805200
2012-06-13,25320.0,25480.0,25120.0,25420.0,9572600
2012-06-14,25380.0,25420.0,25120.0,25220.0,21995050
2012-06-15,25000.0,25200.0,24280.0,24340.0,30404200
2012-06-18,24800.0,25140.0,24680.0,24860.0,17608150
2012-06-19,24900.0,24940.0,24440.0,24880.0,14839400
2012-06-20,24980.0,25300.0,24900.0,25040.0,13237700
2012-06-21,24680.0,24840.0,24520.0,24540.0,12753750
2012-06-22,23780.0,24040.0,23600.0,23640.0,31294350
2012-06-25,23420.0,23560.0,22560.0,22640.0,41318100
2012-06-26,22660.0,22980.0,22580.0,22780.0,25283500
2012-06-27,22800.0,23540.0,22600.0,23340.0,23542000
2012-06-28,23340.0,23600.0,23060.0,23360.0,10398350
2012-06-29,23340.0,24020.0,23060.0,24020.0,18604450
2012-07-02,24160.0,24180.0,23420.0,23480.0,19106750
2012-07-03,23640.0,23860.0,23400.0,23500.0,15801550
2012-07-04,23640.0,23940.0,23560.0,23820.0,19158750
2012-07-05,23740.0,23880.0,23540.0,23700.0,9068550
2012-07-06,23880.0,23880.0,23060.0,23220.0,21158900
2012-07-09,22700.0,22760.0,22520.0,22520.0,21282300
2012-07-10,22700.0,22840.0,22420.0,22540.0,17720700
2012-07-11,22580.0,22660.0,22160.0,22360.0,18001300
2012-07-12,22420.0,22520.0,21820.0,21820.0,24858600
2012-07-13,21920.0,22880.0,21820.0,22780.0,27070750
2012-07-16,22900.0,23100.0,22660.0,23040.0,15261950
2012-07-17,22960.0,23560.0,22720.0,23360.0,15885300
2012-07-18,23580.0,23700.0,22760.0,23080.0,14618050
2012-07-19,23600.0,24040.0,23440.0,23900.0,24847100
2012-07-20,24040.0,24060.0,23820.0,23820.0,11992100
2012-07-23,23300.0,23400.0,23100.0,23240.0,12844350
2012-07-24,23300.0,23500.0,23180.0,23400.0,14598050
2012-07-25,23060.0,23440.0,22780.0,23160.0,13609850
2012-07-26,23380.0,23480.0,23200.0,23440.0,13654750
2012-07-27,23900.0,24660.0,23820.0,24660.0,26686200
2012-07-30,25200.0,25560.0,25020.0,25500.0,19113350
2012-07-31,25600.0,26680.0,25500.0,26180.0,33735650
2012-08-01,25840.0,26300.0,25660.0,26000.0,19039100
2012-08-02,26000.0,26080.0,25220.0,25260.0,15951250
2012-08-03,24800.0,25340.0,24760.0,24860.0,15582650
2012-08-06,25700.0,26100.0,25640.0,25960.0,12289150
2012-08-07,26060.0,26080.0,25680.0,25880.0,10258400
2012-08-08,26120.0,26560.0,26020.0,26400.0,19459150
2012-08-09,26420.0,26960.0,26360.0,26800.0,30612650
2012-08-10,26700.0,26960.0,26600.0,26960.0,14733250
2012-08-13,26840.0,26940.0,26460.0,26500.0,9891050
2012-08-14,26520.0,27000.0,26520.0,26900.0,14396850
2012-08-16,27080.0,27100.0,26760.0,26900.0,14824150
2012-08-17,26880.0,26900.0,25720.0,25900.0,27642800
2012-08-20,25400.0,25660.0,25100.0,25660.0,19944800
2012-08-21,25840.0,26040.0,25640.0,25640.0,15315200
2012-08-22,25380.0,25620.0,25140.0,25280.0,16031200
2012-08-23,25220.0,25740.0,24980.0,25740.0,13857750
2012-08-24,25400.0,25740.0,25280.0,25500.0,14077200
2012-08-27,23780.0,24060.0,23460.0,23600.0,63803450
2012-08-28,23720.0,24180.0,23600.0,23900.0,27767400
2012-08-29,24180.0,24700.0,24140.0,24600.0,23415550
2012-08-30,24560.0,24580.0,24040.0,24300.0,16211400
2012-08-31,24220.0,24680.0,24140.0,24660.0,20301300
2012-09-03,24400.0,24700.0,24020.0,24360.0,13903800
2012-09-04,24380.0,24560.0,24200.0,24360.0,9916550
2012-09-05,24100.0,24240.0,23780.0,23780.0,17381950
2012-09-06,24000.0,24060.0,23860.0,23920.0,12373750
2012-09-07,24600.0,25020.0,24400.0,25000.0,25512400
2012-09-10,25200.0,25280.0,25000.0,25000.0,15883700
2012-09-11,24800.0,25300.0,24640.0,25120.0,9890800
2012-09-12,25360.0,25900.0,25180.0,25880.0,18473250
2012-09-13,25980.0,26100.0,25620.0,26020.0,19489950
2012-09-14,26600.0,26780.0,26540.0,26720.0,24872500
2012-09-17,26720.0,26720.0,26240.0,26300.0,14896000
2012-09-18,26280.0,26720.0,26160.0,26300.0,11232300
2012-09-19,26120.0,26460.0,25960.0,26280.0,12114550
2012-09-20,25860.0,26100.0,25680.0,25740.0,14199800
2012-09-21,26000.0,26140.0,25900.0,26040.0,14913400
2012-09-24,26000.0,26560.0,25840.0,26540.0,13195450
2012-09-25,26200.0,26680.0,26200.0,26540.0,11348000
2012-09-26,26260.0,26500.0,26120.0,26500.0,12054550
2012-09-27,26540.0,26840.0,26460.0,26760.0,14541600
2012-09-28,27180.0,27200.0,26780.0,26920.0,17906350
2012-10-02,27080.0,27420.0,27040.0,27380.0,13376250
2012-10-04,27020.0,27460.0,26780.0,27340.0,19127200
2012-10-05,27740.0,27800.0,27040.0,27400.0,17828800
2012-10-08,27500.0,27580.0,27200.0,27460.0,12037600
2012-10-09,27260.0,27620.0,27260.0,27440.0,8788650
2012-10-10,27060.0,27200.0,26500.0,26500.0,12976700
2012-10-11,26200.0,26400.0,25740.0,26080.0,23779850
2012-10-12,26100.0,26240.0,25760.0,25920.0,14977250
2012-10-15,25920.0,26240.0,25740.0,26000.0,10334000
2012-10-16,26520.0,26620.0,26300.0,26600.0,10671300
2012-10-17,26840.0,26920.0,26320.0,26720.0,8984550
2012-10-18,26720.0,26820.0,26560.0,26740.0,10498450
2012-10-19,26460.0,26500.0,25980.0,26040.0,13969950
2012-10-22,25540.0,26340.0,25520.0,26300.0,11741150
2012-10-23,26380.0,26440.0,26040.0,26260.0,9253550
2012-10-24,25940.0,26180.0,25780.0,26000.0,13454500
2012-10-25,25920.0,26440.0,25820.0,26440.0,11881100
2012-10-26,26120.0,26240.0,25740.0,25740.0,13793850
2012-10-29,25960.0,25980.0,25580.0,25980.0,11448050
2012-10-30,25980.0,26080.0,25840.0,25960.0,6643850
2012-10-31,26120.0,26240.0,25980.0,26200.0,10604850
2012-11-01,25900.0,26040.0,25800.0,25940.0,10455600
2012-11-02,26380.0,26660.0,26260.0,26540.0,18521400
2012-11-05,26560.0,26980.0,26400.0,26820.0,13062050
2012-11-06,26980.0,26980.0,26640.0,26980.0,8981800
2012-11-07,26860.0,27240.0,26700.0,27240.0,9676400
2012-11-08,26960.0,27140.0,26820.0,27000.0,15326600
2012-11-09,26700.0,27020.0,26520.0,26820.0,14550300
2012-11-12,26620.0,26940.0,26620.0,26900.0,6959250
2012-11-13,26940.0,26980.0,26520.0,26980.0,7325850
2012-11-14,27140.0,27140.0,26920.0,27100.0,10436000
2012-11-15,26700.0,26760.0,26520.0,26620.0,9959100
2012-11-16,26440.0,26520.0,26020.0,26140.0,12172550
2012-11-19,26300.0,26840.0,26260.0,26640.0,10137500
2012-11-20,27060.0,27300.0,26920.0,27280.0,13420300
2012-11-21,27520.0,27940.0,27440.0,27680.0,17780400
2012-11-22,27880.0,28380.0,27820.0,28340.0,14930950
2012-11-23,28440.0,28840.0,28340.0,28740.0,12322050
2012-11-26,28840.0,28860.0,27980.0,28080.0,13749850
2012-11-27,28100.0,28560.0,28080.0,28320.0,11836200
2012-11-28,28000.0,28760.0,27920.0,28260.0,14055800
2012-11-29,28040.0,28440.0,28040.0,28280.0,13073300
2012-11-30,28460.0,28500.0,27980.0,28120.0,16427600
2012-12-03,28400.0,28720.0,28160.0,28600.0,10220850
2012-12-04,28640.0,28680.0,28400.0,28600.0,9504900
2012-12-05,28600.0,29100.0,28540.0,29100.0,12436400
2012-12-06,29360.0,29420.0,28680.0,29080.0,14248700
2012-12-07,29000.0,29960.0,29000.0,29600.0,15882450
2012-12-10,30120.0,30120.0,29700.0,29820.0,13056100
2012-12-11,29960.0,29960.0,29380.0,29520.0,12657350
2012-12-12,29460.0,29920.0,29460.0,29800.0,15244450
2012-12-13,30000.0,30660.0,29860.0,30660.0,30680500
2012-12-14,30320.0,30720.0,30160.0,30300.0,13905250
2012-12-17,30020.0,30480.0,29940.0,30060.0,15511100
2012-12-18,30000.0,30320.0,29900.0,30300.0,13538450
2012-12-20,30300.0,30580.0,29900.0,30060.0,20128500
2012-12-21,29860.0,29920.0,28800.0,28840.0,27576200
2012-12-24,28960.0,29520.0,28840.0,29480.0,14488550
2012-12-26,29600.0,30060.0,29400.0,29400.0,14038700
2012-12-27,29400.0,30000.0,29400.0,29920.0,9143900
2012-12-28,29760.0,30600.0,29740.0,30440.0,10562750
2013-01-02,30660.0,31520.0,30540.0,31520.0,11449650
2013-01-03,31640.0,31680.0,30860.0,30860.0,14227400
2013-01-04,30800.0,30840.0,30200.0,30500.0,12999800
2013-01-07,30300.0,30560.0,30000.0,30400.0,12610950
2013-01-08,30260.0,30340.0,29960.0,30000.0,13822250
2013-01-09,30000.0,30260.0,29820.0,30000.0,12659950
2013-01-10,30300.0,30680.0,30000.0,30600.0,14663600
2013-01-11,30960.0,30960.0,30140.0,30660.0,11913550
2013-01-14,30780.0,31040.0,30560.0,31040.0,7999950
2013-01-15,31200.0,31200.0,30240.0,30240.0,10727150
2013-01-16,30280.0,30520.0,29660.0,29840.0,16221000
2013-01-17,30040.0,30040.0,29000.0,29380.0,20236700
2013-01-18,29600.0,29740.0,29100.0,29600.0,12516600
2013-01-21,29280.0,29500.0,28960.0,29080.0,14519650
2013-01-22,28900.0,29740.0,28900.0,29600.0,11947400
2013-01-23,30000.0,30040.0,29460.0,29460.0,9293550
2013-01-24,29360.0,29380.0,28820.0,29060.0,15999050
2013-01-25,29200.0,29220.0,28100.0,28340.0,21795250
2013-01-28,27920.0,28020.0,27420.0,27440.0,30852150
2013-01-29,27800.0,28360.0,27600.0,28180.0,21616550
2013-01-30,28520.0,28800.0,28240.0,28800.0,16170100
2013-01-31,28600.0,28960.0,28440.0,28960.0,16052800
2013-02-01,29200.0,29200.0,28440.0,28820.0,11576200
2013-02-04,29000.0,29060.0,28340.0,28740.0,12861900
2013-02-05,28300.0,28860.0,28280.0,28700.0,11388100
2013-02-06,28800.0,28860.0,28540.0,28540.0,6897150
2013-02-07,28780.0,28780.0,28400.0,28400.0,9721100
2013-02-08,28360.0,29400.0,28300.0,29240.0,13423850
2013-02-12,29680.0,29680.0,29180.0,29360.0,8419750
2013-02-13,29480.0,29780.0,29120.0,29740.0,9209050
2013-02-14,29800.0,29880.0,29540.0,29800.0,7534100
2013-02-15,29800.0,29960.0,29540.0,29960.0,7599950
2013-02-18,29800.0,30020.0,29620.0,29800.0,7109950
2013-02-19,29600.0,29980.0,29580.0,29840.0,6132250
2013-02-20,30040.0,30900.0,29940.0,30900.0,18039350
2013-02-21,30800.0,31160.0,30700.0,31000.0,13123650
2013-02-22,30600.0,30960.0,30400.0,30600.0,13852650
2013-02-25,30980.0,30980.0,30600.0,30600.0,8897550
2013-02-26,30300.0,30760.0,30160.0,30540.0,9244750
2013-02-27,31180.0,31180.0,30380.0,30540.0,8938200
2013-02-28,30600.0,31080.0,30600.0,30880.0,12784200
2013-03-04,31260.0,31260.0,30600.0,30780.0,13276850
2013-03-05,31120.0,31280.0,30960.0,31000.0,9294600
2013-03-06,31440.0,31500.0,30940.0,31200.0,10148650
2013-03-07,30960.0,31000.0,30240.0,30400.0,13482700
2013-03-08,30300.0,30340.0,29780.0,29980.0,18941000
2013-03-11,29860.0,30240.0,29700.0,30160.0,13748250
2013-03-12,30080.0,30240.0,29800.0,29880.0,8746550
2013-03-13,30120.0,30580.0,30020.0,30540.0,11303550
2013-03-14,30560.0,30680.0,29980.0,30400.0,12557800
2013-03-15,30580.0,30580.0,29600.0,29600.0,36618350
2013-03-18,29200.0,29200.0,28680.0,28900.0,26439550
2013-03-19,29000.0,29840.0,28960.0,29500.0,13977100
2013-03-20,29200.0,29700.0,29120.0,29200.0,13515750
2013-03-21,29220.0,29480.0,29120.0,29140.0,11768550
2013-03-22,29160.0,29360.0,29040.0,29100.0,10687100
2013-03-25,29600.0,29900.0,29400.0,29900.0,10272050
2013-03-26,29900.0,30440.0,29820.0,30180.0,16830000
2013-03-27,30300.0,30320.0,29740.0,30080.0,12881400
2013-03-28,30060.0,30200.0,29940.0,30200.0,7989600
2013-03-29,30480.0,30640.0,30340.0,30540.0,9533700
2013-04-01,30700.0,30700.0,30240.0,30240.0,5295500
2013-04-02,30200.0,30640.0,30200.0,30500.0,8574850
2013-04-03,30520.0,30560.0,30180.0,30420.0,10882700
2013-04-04,30340.0,30380.0,29980.0,30120.0,10700450
2013-04-05,30100.0,30320.0,29860.0,30100.0,14977350
2013-04-08,30100.0,30620.0,29940.0,30400.0,12959500
2013-04-09,30540.0,30600.0,30200.0,30560.0,9244000
2013-04-10,30800.0,30800.0,30260.0,30420.0,11779700
2013-04-11,30420.0,30800.0,30360.0,30800.0,11291500
2013-04-12,30800.0,31000.0,30260.0,30340.0,10744050
2013-04-15,30060.0,30700.0,30060.0,30460.0,10767300
2013-04-16,30100.0,30640.0,30020.0,30560.0,18551850
2013-04-17,31320.0,31320.0,30280.0,30360.0,10491100
2013-04-18,30400.0,30440.0,29620.0,29660.0,13358400
2013-04-19,29300.0,29840.0,29100.0,29500.0,15704000
2013-04-22,29800.0,30060.0,29300.0,30060.0,9335850
2013-04-23,30000.0,30060.0,29480.0,29660.0,8864850
2013-04-24,29700.0,29880.0,29480.0,29720.0,10086550
2013-04-25,29400.0,29880.0,29400.0,29880.0,10463900
2013-04-26,29900.0,29940.0,29440.0,29720.0,11651600
2013-04-29,29820.0,29840.0,29500.0,29620.0,8500150
2013-04-30,29800.0,30600.0,29760.0,30400.0,18705000
2013-05-02,30520.0,30640.0,30340.0,30560.0,10048950
2013-05-03,30700.0,30740.0,30420.0,30700.0,6559050
2013-05-06,30800.0,30800.0,30240.0,30280.0,8654300
2013-05-07,30160.0,30160.0,29820.0,29860.0,11434500
2013-05-08,29860.0,29960.0,29580.0,29760.0,14921950
2013-05-09,29800.0,30400.0,29780.0,30300.0,10806150
2013-05-10,30280.0,30280.0,29520.0,29520.0,11794850
2013-05-13,29420.0,29600.0,29240.0,29540.0,8750100
2013-05-14,29740.0,30000.0,29660.0,30000.0,9002650
2013-05-15,29700.0,30000.0,29680.0,30000.0,10594800
2013-05-16,30020.0,30280.0,30000.0,30160.0,14657550
2013-05-20,30040.0,30240.0,29920.0,29940.0,12288850
2013-05-21,30200.0,30200.0,29700.0,29840.0,11600400
2013-05-22,30080.0,30200.0,29820.0,30180.0,9923100
2013-05-23,29840.0,30040.0,29680.0,29680.0,11994150
2013-05-24,29740.0,29880.0,29440.0,29720.0,10190600
2013-05-27,29800.0,29980.0,29740.0,29780.0,6146400
2013-05-28,29620.0,29920.0,29620.0,29680.0,11588050
2013-05-29,29680.0,30460.0,29660.0,30240.0,14760550
2013-05-30,30360.0,30980.0,30240.0,30880.0,22778000
2013-05-31,30920.0,31180.0,30740.0,30760.0,18025050
2013-06-03,30720.0,31180.0,30560.0,30640.0,10309450
2013-06-04,30660.0,30840.0,30420.0,30800.0,8496600
2013-06-05,30980.0,31060.0,30420.0,30420.0,13590650
2013-06-07,29500.0,29700.0,28480.0,28540.0,54290800
2013-06-10,28400.0,28860.0,28280.0,28500.0,26677700
2013-06-11,28220.0,28380.0,27560.0,27780.0,34613000
2013-06-12,27560.0,28060.0,27240.0,27700.0,22887650
2013-06-13,27600.0,27940.0,27140.0,27140.0,33509850
2013-06-14,27300.0,27540.0,27140.0,27380.0,17558350
2013-06-17,27400.0,27560.0,27300.0,27320.0,11758450
2013-06-18,27360.0,27740.0,27200.0,27740.0,11043050
2013-06-19,27640.0,27700.0,27280.0,27380.0,10270250
2013-06-20,26860.0,26960.0,26520.0,26580.0,17817950
2013-06-21,25880.0,26660.0,25800.0,26500.0,27677800
2013-06-24,27000.0,27000.0,26260.0,26260.0,15847900
2013-06-25,26020.0,26360.0,25760.0,25940.0,20774950
2013-06-26,26020.0,26100.0,24900.0,25220.0,31751200
2013-06-27,25900.0,26880.0,25720.0,26780.0,25756150
2013-06-28,27000.0,27000.0,26580.0,26840.0,20961250
2013-07-01,26680.0,26920.0,26440.0,26520.0,12825950
2013-07-02,26800.0,27040.0,26600.0,26700.0,10214450
2013-07-03,26680.0,26780.0,25900.0,26020.0,12822050
2013-07-04,26040.0,26340.0,25920.0,26340.0,9042650
2013-07-05,25720.0,26300.0,25200.0,25340.0,30382800
2013-07-08,25000.0,25160.0,24180.0,24520.0,26480150
2013-07-09,24600.0,25000.0,24580.0,24740.0,19694950
2013-07-10,24900.0,25040.0,24740.0,24960.0,17305650
2013-07-11,25020.0,26240.0,25020.0,26240.0,20788350
2013-07-12,26400.0,26480.0,26020.0,26240.0,11391300
2013-07-15,26300.0,26380.0,25700.0,26260.0,9629600
2013-07-16,26360.0,26420.0,25800.0,25960.0,9300950
2013-07-17,26020.0,26600.0,25720.0,26400.0,12302300
2013-07-18,26500.0,26500.0,25840.0,25840.0,15704200
2013-07-19,25760.0,25900.0,25280.0,25460.0,16271300
2013-07-22,25600.0,25780.0,25300.0,25460.0,10351150
2013-07-23,25460.0,26140.0,25440.0,26140.0,11948900
2013-07-24,26140.0,26340.0,25900.0,26300.0,8772650
2013-07-25,26340.0,26440.0,26160.0,26300.0,8495650
2013-07-26,26280.0,26380.0,25980.0,26060.0,13619550
2013-07-29,25820.0,26000.0,25580.0,25660.0,11821850
2013-07-30,25540.0,25900.0,25540.0,25800.0,9425350
2013-07-31,25600.0,25800.0,25580.0,25600.0,12735500
2013-08-01,25700.0,25760.0,25480.0,25600.0,9058900
2013-08-02,25860.0,26000.0,25640.0,25720.0,11241350
2013-08-05,25660.0,25660.0,25480.0,25480.0,8079850
2013-08-06,24900.0,25440.0,24900.0,25080.0,14493700
2013-08-07,24740.0,24800.0,24440.0,24440.0,15778100
2013-08-08,24260.0,24700.0,24260.0,24340.0,17910800
2013-08-09,24580.0,24820.0,24400.0,24600.0,12080200
2013-08-12,24600.0,24960.0,24500.0,24640.0,10140600
2013-08-13,24880.0,25800.0,24840.0,25800.0,20929450
2013-08-14,25780.0,26000.0,25700.0,26000.0,13005100
2013-08-16,25720.0,26020.0,25640.0,25900.0,11416600
2013-08-19,25720.0,25920.0,25600.0,25720.0,6499850
2013-08-20,25920.0,26100.0,25380.0,25380.0,14230950
2013-08-21,25300.0,25640.0,25120.0,25120.0,12346050
2013-08-22,25000.0,25340.0,24900.0,25100.0,11984850
2013-08-23,25600.0,26000.0,25420.0,25900.0,17203400
2013-08-26,26020.0,26100.0,25920.0,26000.0,11519650
2013-08-27,26140.0,26180.0,25900.0,26080.0,9130800
2013-08-28,25680.0,26200.0,25680.0,26180.0,9492550
2013-08-29,26340.0,26960.0,26280.0,26880.0,16315000
2013-08-30,27200.0,27360.0,27020.0,27360.0,17135800
2013-09-02,27360.0,27420.0,27000.0,27020.0,10081600
2013-09-03,27280.0,27280.0,26520.0,26740.0,11798500
2013-09-04,26600.0,27080.0,26420.0,26800.0,10920050
2013-09-05,27400.0,27420.0,27160.0,27300.0,15100100
2013-09-06,27400.0,27500.0,27160.0,27380.0,11937950
2013-09-09,27420.0,27500.0,27260.0,27460.0,9291550
2013-09-10,27380.0,27920.0,27360.0,27920.0,14717650
2013-09-11,27960.0,28040.0,27700.0,28040.0,13353000
2013-09-12,28100.0,28480.0,27900.0,28200.0,21805400
2013-09-13,28180.0,28200.0,27920.0,28120.0,12281500
2013-09-16,28460.0,28500.0,28220.0,28500.0,11710700
2013-09-17,28400.0,28400.0,27620.0,27720.0,17181350
2013-09-23,27300.0,27620.0,27060.0,27200.0,24362900
2013-09-24,26840.0,27580.0,26760.0,27460.0,15138900
2013-09-25,27340.0,27480.0,27020.0,27280.0,11176450
2013-09-26,27280.0,27440.0,27120.0,27440.0,10374700
2013-09-27,27500.0,27540.0,27260.0,27320.0,11613250
2013-09-30,27320.0,27640.0,27200.0,27340.0,11650900
2013-10-01,27600.0,27660.0,27200.0,27640.0,9773150
2013-10-02,27960.0,28500.0,27800.0,28360.0,17586350
2013-10-04,28760.0,28840.0,28280.0,28360.0,15753700
2013-10-07,28740.0,28740.0,28500.0,28720.0,10228250
2013-10-08,28340.0,28660.0,28340.0,28600.0,10546000
2013-10-10,28420.0,28640.0,28420.0,28600.0,13819000
2013-10-11,28800.0,28940.0,28720.0,28860.0,11254150
2013-10-14,28960.0,28980.0,28760.0,28760.0,7373700
2013-10-15,29000.0,29140.0,28900.0,29140.0,10023650
2013-10-16,29380.0,29380.0,28900.0,29000.0,8010600
2013-10-17,29200.0,29360.0,29080.0,29260.0,9099350
2013-10-18,29440.0,29500.0,29260.0,29440.0,7852150
2013-10-21,29500.0,29780.0,29080.0,29280.0,7126050
2013-10-22,29200.0,29200.0,28680.0,29100.0,12353250
2013-10-23,29280.0,29280.0,28720.0,28840.0,8598450
2013-10-24,28620.0,28980.0,28580.0,28980.0,8915650
2013-10-25,29000.0,29040.0,28660.0,28980.0,6735300
2013-10-28,29300.0,29700.0,29160.0,29640.0,11307700
2013-10-29,29800.0,29800.0,29560.0,29800.0,10334900
2013-10-30,29700.0,30000.0,29680.0,30000.0,10588400
2013-10-31,29960.0,30040.0,29300.0,29300.0,12647050
2013-11-01,29800.0,30000.0,29360.0,30000.0,11357700
2013-11-04,29840.0,30040.0,29780.0,29980.0,10887800
2013-11-05,30040.0,30040.0,29440.0,29700.0,8009300
2013-11-06,29960.0,29960.0,28980.0,29020.0,12218400
2013-11-07,29020.0,29080.0,28500.0,28740.0,13006800
2013-11-08,28220.0,28560.0,28140.0,28200.0,13681350
2013-11-11,28500.0,28680.0,28180.0,28560.0,8563850
2013-11-12,28800.0,29320.0,28720.0,29120.0,9784900
2013-11-13,28900.0,28980.0,28380.0,28380.0,9995200
2013-11-14,29100.0,29100.0,28480.0,28480.0,10132150
2013-11-15,28680.0,29240.0,28640.0,29240.0,8339250
2013-11-18,29400.0,29520.0,29300.0,29480.0,6386800
2013-11-19,29660.0,29780.0,29540.0,29780.0,8183550
2013-11-20,29460.0,29740.0,29280.0,29400.0,8178150
2013-11-21,29440.0,29440.0,28640.0,28800.0,9019800
2013-11-22,28820.0,29120.0,28620.0,29000.0,8574600
2013-11-25,29020.0,29440.0,29020.0,29300.0,6615300
2013-11-26,29160.0,29580.0,29100.0,29580.0,8586250
2013-11-27,29340.0,29520.0,29200.0,29400.0,9351700
2013-11-28,29600.0,29880.0,29580.0,29880.0,10644900
2013-11-29,29980.0,29980.0,29700.0,29880.0,6752200
2013-12-02,30000.0,30060.0,29340.0,29340.0,7487800
2013-12-03,29280.0,29560.0,29140.0,29220.0,7798600
2013-12-04,29000.0,29060.0,28620.0,28640.0,10844000
2013-12-05,28660.0,28920.0,28440.0,28800.0,10479650
2013-12-06,29080.0,29080.0,28560.0,28560.0,9147450
2013-12-09,28800.0,29080.0,28800.0,29080.0,6996900
2013-12-10,28820.0,29020.0,28620.0,28800.0,7755600
2013-12-11,28520.0,28880.0,28320.0,28400.0,10629150
2013-12-12,27920.0,28200.0,27920.0,28200.0,14962050
2013-12-13,28200.0,28220.0,27800.0,27800.0,10053250
2013-12-16,27820.0,28080.0,27660.0,28000.0,8954400
2013-12-17,28340.0,28340.0,27860.0,27900.0,7762400
2013-12-18,28100.0,28200.0,27880.0,28020.0,10899200
2013-12-19,28360.0,28680.0,28360.0,28540.0,10552400
2013-12-20,28260.0,28540.0,28260.0,28540.0,8407400
2013-12-23,28740.0,28760.0,28580.0,28660.0,10639200
2013-12-24,28600.0,28640.0,28300.0,28300.0,10980350
2013-12-26,28160.0,28300.0,28020.0,28160.0,12307800
2013-12-27,28200.0,28220.0,27900.0,27920.0,10510000
2013-12-30,27920.0,27940.0,27200.0,27440.0,16908100
2014-01-02,26960.0,27100.0,26040.0,26180.0,31025000
2014-01-03,26000.0,26220.0,25740.0,25920.0,26496600
2014-01-06,26060.0,26400.0,25920.0,26140.0,19735800
2014-01-07,26000.0,26360.0,25900.0,26080.0,19763200
2014-01-08,26000.0,26080.0,25740.0,25820.0,20474650
2014-01-09,26140.0,26140.0,25500.0,25500.0,21250950
2014-01-10,25500.0,25720.0,25440.0,25440.0,18189150
2014-01-13,25660.0,25940.0,25460.0,25900.0,16449350
2014-01-14,25940.0,26600.0,25800.0,26260.0,14716650
2014-01-15,26600.0,26620.0,25960.0,25980.0,11747450
2014-01-16,26000.0,26200.0,25860.0,26020.0,9752450
2014-01-17,26020.0,26300.0,25840.0,25840.0,12774250
2014-01-20,26100.0,26380.0,25920.0,26320.0,8682800
2014-01-21,26300.0,26540.0,26220.0,26480.0,7562300
2014-01-22,26280.0,26560.0,26240.0,26560.0,10826500
2014-01-23,26320.0,26440.0,25980.0,25980.0,10336950
2014-01-24,26000.0,26360.0,25820.0,26140.0,14001750
2014-01-27,25860.0,26080.0,25700.0,25840.0,13346300
2014-01-28,25460.0,25860.0,25460.0,25660.0,11701350
2014-01-29,25600.0,25760.0,25540.0,25600.0,19181850
2014-02-03,25720.0,25760.0,25420.0,25440.0,16259200
2014-02-04,25260.0,25260.0,24980.0,24980.0,16033000
2014-02-05,24900.0,25100.0,24680.0,24740.0,14926650
2014-02-06,24900.0,25340.0,24800.0,25180.0,15197450
2014-02-07,25500.0,25580.0,25260.0,25500.0,9943600
2014-02-10,25420.0,25620.0,25240.0,25540.0,7799650
2014-02-11,25620.0,26300.0,25440.0,26220.0,12684000
2014-02-12,26620.0,26620.0,26100.0,26140.0,10027400
2014-02-13,26000.0,26400.0,25800.0,25960.0,5838450
2014-02-14,25920.0,26160.0,25840.0,26020.0,6220750
2014-02-17,25840.0,26120.0,25600.0,25700.0,9386650
2014-02-18,25700.0,25980.0,25640.0,25900.0,5910650
2014-02-19,26000.0,26000.0,25600.0,25800.0,6179750
2014-02-20,25800.0,25920.0,25620.0,25720.0,9543300
2014-02-21,26660.0,26660.0,26000.0,26600.0,14346200
2014-02-24,26680.0,26900.0,26420.0,26560.0,7425050
2014-02-25,26640.0,26800.0,26520.0,26680.0,8785300
2014-02-26,26740.0,26860.0,26500.0,26840.0,12918050
2014-02-27,26700.0,26840.0,26600.0,26820.0,7891350
2014-02-28,26740.0,26980.0,26640.0,26980.0,14232350
2014-03-03,26720.0,26800.0,26420.0,26500.0,12104150
2014-03-04,26400.0,26580.0,26300.0,26300.0,7900150
2014-03-05,26700.0,26820.0,26600.0,26600.0,7491500
2014-03-06,26580.0,26580.0,26200.0,26520.0,8616750
2014-03-07,26780.0,26780.0,26580.0,26780.0,7548650
2014-03-10,26400.0,26600.0,26340.0,26400.0,8657600
2014-03-11,26400.0,26540.0,26180.0,26440.0,9079800
2014-03-12,26400.0,26400.0,25860.0,25880.0,12579250
2014-03-13,25880.0,26260.0,25800.0,25800.0,11750200
2014-03-14,25400.0,25700.0,25400.0,25500.0,10836800
2014-03-17,25500.0,25520.0,25160.0,25320.0,8820000
2014-03-18,25400.0,25660.0,25320.0,25560.0,11045600
2014-03-19,25600.0,25700.0,25360.0,25380.0,7638550
2014-03-20,25400.0,25440.0,25240.0,25240.0,5939400
2014-03-21,25380.0,25460.0,25240.0,25460.0,8321300
2014-03-24,25200.0,25480.0,25180.0,25460.0,7073900
2014-03-25,25380.0,25400.0,24820.0,24940.0,13625000
2014-03-26,25380.0,25800.0,24960.0,25700.0,17444700
2014-03-27,25800.0,26660.0,25700.0,26660.0,20877850
2014-03-28,26400.0,26760.0,26400.0,26700.0,10648700
2014-03-31,26900.0,26900.0,26440.0,26860.0,13259850
2014-04-01,26900.0,26900.0,26620.0,26780.0,11081000
2014-04-02,27000.0,27140.0,26860.0,27140.0,13100050
2014-04-03,27020.0,27900.0,27020.0,27800.0,19098800
2014-04-04,27540.0,27940.0,27540.0,27600.0,18400350
2014-04-07,27940.0,27940.0,27480.0,27940.0,10761750
2014-04-08,27740.0,27980.0,27500.0,27880.0,10608200
2014-04-09,27880.0,27900.0,27280.0,27420.0,16061600
2014-04-10,27380.0,27600.0,27200.0,27600.0,9999200
2014-04-11,27240.0,27360.0,27180.0,27300.0,10659350
2014-04-14,27300.0,27720.0,27300.0,27400.0,10586000
2014-04-15,27720.0,27740.0,27380.0,27400.0,10969800
2014-04-16,27400.0,27840.0,27260.0,27600.0,9308550
2014-04-17,27520.0,27600.0,27320.0,27400.0,7241650
2014-04-18,27400.0,27580.0,27400.0,27560.0,9518350
2014-04-21,27580.0,27720.0,27500.0,27600.0,3299250
2014-04-22,27480.0,27680.0,27420.0,27500.0,6084300
2014-04-23,27880.0,27900.0,27640.0,27780.0,9500750
2014-04-24,28180.0,28180.0,27980.0,28140.0,10546200
2014-04-25,28400.0,28560.0,27960.0,27980.0,15269800
2014-04-28,28080.0,28120.0,27640.0,27760.0,9431450
2014-04-29,27780.0,27900.0,27020.0,27200.0,10909200
2014-04-30,27600.0,27620.0,26520.0,26860.0,15047300
2014-05-02,27080.0,27180.0,26880.0,26920.0,14943350
2014-05-07,27000.0,27120.0,26800.0,26880.0,14189700
2014-05-08,27100.0,27100.0,26880.0,27000.0,16281900
2014-05-09,27120.0,27160.0,26520.0,26700.0,13157050
2014-05-12,26720.0,27900.0,26640.0,27760.0,15944800
2014-05-13,27760.0,28500.0,27760.0,28000.0,12107400
2014-05-14,28180.0,28300.0,28020.0,28300.0,11103750
2014-05-15,28280.0,28380.0,28060.0,28200.0,6806700
2014-05-16,28000.0,28740.0,27980.0,28560.0,15856500
2014-05-19,28560.0,29000.0,28160.0,28960.0,19281050
2014-05-20,28900.0,29080.0,28700.0,29020.0,16007300
2014-05-21,28700.0,29000.0,28700.0,28820.0,10842500
2014-05-22,28820.0,28960.0,28520.0,28520.0,9540000
2014-05-23,28100.0,28560.0,28100.0,28560.0,8511650
2014-05-26,28400.0,28640.0,28300.0,28440.0,3735600
2014-05-27,28340.0,28460.0,28060.0,28140.0,4748400
2014-05-28,28380.0,28700.0,28180.0,28660.0,9200950
2014-05-29,29000.0,29300.0,28800.0,29200.0,12521500
2014-05-30,29400.0,29640.0,28860.0,28860.0,15831050
2014-06-02,28860.0,29160.0,28780.0,29100.0,7439450
2014-06-03,29680.0,29900.0,29300.0,29400.0,17234250
2014-06-05,29320.0,29600.0,29000.0,29140.0,13507050
2014-06-09,29400.0,29460.0,28040.0,28180.0,22269600
2014-06-10,28420.0,28760.0,28100.0,28720.0,9214100
2014-06-11,28240.0,28600.0,28240.0,28440.0,8625750
2014-06-12,28600.0,28600.0,28020.0,28260.0,12943150
2014-06-13,28040.0,28080.0,27260.0,27340.0,18589050
2014-06-16,27600.0,27640.0,27240.0,27480.0,15319950
2014-06-17,27200.0,27560.0,27020.0,27480.0,13476750
2014-06-18,27460.0,27520.0,27120.0,27160.0,11044350
2014-06-19,26900.0,26980.0,26400.0,26460.0,22339700
2014-06-20,26600.0,26600.0,25920.0,26020.0,23902650
2014-06-23,26420.0,26640.0,26320.0,26440.0,12488250
2014-06-24,26800.0,27080.0,26640.0,26900.0,11890850
2014-06-25,26600.0,26660.0,26360.0,26400.0,10231900
2014-06-26,26180.0,26860.0,26140.0,26500.0,12765300
2014-06-27,26140.0,26380.0,26120.0,26220.0,8953050
2014-06-30,26200.0,26480.0,26180.0,26440.0,8881050
2014-07-01,26160.0,26280.0,26020.0,26200.0,8725400
2014-07-02,26340.0,26620.0,26120.0,26600.0,11139250
2014-07-03,26720.0,26720.0,26320.0,26360.0,8543050
2014-07-04,26440.0,26520.0,26060.0,26120.0,5978850
2014-07-07,25820.0,26020.0,25800.0,25840.0,9437050
2014-07-08,25880.0,26380.0,25740.0,25900.0,12073200
2014-07-09,25740.0,26160.0,25660.0,26160.0,11829900
2014-07-10,26160.0,26220.0,26040.0,26120.0,8960200
2014-07-11,26000.0,26040.0,25640.0,25680.0,10779600
2014-07-14,25960.0,26000.0,25720.0,25720.0,7082150
2014-07-15,26000.0,26460.0,25940.0,26400.0,11976050
2014-07-16,26260.0,26460.0,26220.0,26420.0,9114200
2014-07-17,26520.0,26700.0,26400.0,26600.0,10922700
2014-07-18,26300.0,26860.0,26280.0,26860.0,9742650
2014-07-21,26980.0,27200.0,26860.0,27060.0,8059950
2014-07-22,26960.0,27160.0,26900.0,26960.0,6300950
2014-07-23,27080.0,27140.0,26700.0,26760.0,6417300
2014-07-24,27000.0,27160.0,26620.0,27100.0,8051700
2014-07-25,26920.0,27100.0,26700.0,27100.0,8790150
2014-07-28,27100.0,27340.0,26880.0,27160.0,8992550
2014-07-29,27100.0,27760.0,27060.0,27720.0,12809300
2014-07-30,27760.0,28160.0,27480.0,27900.0,17359450
2014-07-31,27480.0,27700.0,26720.0,26860.0,24351350
2014-08-01,26100.0,26560.0,25840.0,25840.0,28231050
2014-08-04,26000.0,26340.0,25820.0,26340.0,12066750
2014-08-05,26020.0,26420.0,26000.0,26320.0,8626450
2014-08-06,26120.0,26320.0,25900.0,26000.0,10830100
2014-08-07,26000.0,26040.0,25700.0,25800.0,9527250
2014-08-08,25680.0,25700.0,24960.0,25000.0,20621450
2014-08-11,25500.0,25640.0,25140.0,25400.0,18619250
2014-08-12,25400.0,25880.0,25240.0,25320.0,8995700
2014-08-13,25500.0,25500.0,24960.0,25280.0,12845000
2014-08-14,25480.0,25640.0,25080.0,25220.0,10447350
2014-08-18,25580.0,25600.0,25000.0,25000.0,10518950
2014-08-19,25280.0,25460.0,25060.0,25080.0,10044400
2014-08-20,25280.0,25420.0,25020.0,25220.0,9430600
2014-08-21,25100.0,25220.0,24620.0,24700.0,17105400
2014-08-22,24900.0,24940.0,24700.0,24940.0,8407650
2014-08-25,24620.0,24620.0,24420.0,24560.0,11577200
2014-08-26,24700.0,24700.0,24420.0,24440.0,10719450
2014-08-27,24460.0,24740.0,24440.0,24600.0,12171000
2014-08-28,25160.0,25160.0,24720.0,24840.0,10311850
2014-08-29,24760.0,24760.0,24560.0,24680.0,14558250
2014-09-01,24720.0,24740.0,24480.0,24520.0,5664050
2014-09-02,24420.0,24500.0,23880.0,23880.0,15899600
2014-09-03,24000.0,24000.0,23600.0,23780.0,21238750
2014-09-04,24200.0,24320.0,24040.0,24200.0,12099950
2014-09-05,24300.0,24320.0,23900.0,24020.0,10770400
2014-09-11,24000.0,24140.0,23840.0,23840.0,23309200
2014-09-12,24000.0,24160.0,24000.0,24020.0,10872350
2014-09-15,24140.0,24160.0,23920.0,24000.0,7161500
2014-09-16,24160.0,24300.0,24020.0,24120.0,7092400
2014-09-17,24140.0,24520.0,24140.0,24520.0,7545750
2014-09-18,24600.0,24600.0,24080.0,24200.0,9476750
2014-09-19,24460.0,24460.0,24120.0,24200.0,13435050
2014-09-22,24080.0,24080.0,23600.0,23760.0,16022100
2014-09-23,23560.0,23700.0,23220.0,23220.0,19541400
2014-09-24,23040.0,23220.0,22820.0,23000.0,15789200
2014-09-25,23240.0,23320.0,22940.0,23120.0,19414500
2014-09-26,23040.0,23700.0,22960.0,23700.0,12413550
2014-09-29,23860.0,24000.0,23400.0,23900.0,9401000
2014-09-30,23700.0,23760.0,23300.0,23680.0,12379300
2014-10-01,23480.0,23660.0,23120.0,23120.0,11929800
2014-10-02,23300.0,23300.0,22820.0,22820.0,12732750
2014-10-06,22900.0,23120.0,22760.0,23020.0,21252900
2014-10-07,23240.0,23720.0,23240.0,23240.0,10149150
2014-10-08,22840.0,23020.0,22480.0,22600.0,14720550
2014-10-10,22000.0,22280.0,21980.0,22100.0,21837450
2014-10-13,21640.0,22540.0,21560.0,22160.0,11344750
2014-10-14,22540.0,22920.0,22400.0,22540.0,16572550
2014-10-15,22560.0,22900.0,22400.0,22500.0,14143600
2014-10-16,22320.0,22420.0,22080.0,22300.0,15148300
2014-10-17,22120.0,22300.0,21740.0,21780.0,16281750
2014-10-20,22300.0,22340.0,22020.0,22120.0,9476750
2014-10-21,21880.0,22000.0,21620.0,21660.0,11766050
2014-10-22,21940.0,22080.0,21800.0,22080.0,11127700
2014-10-23,22260.0,22260.0,21800.0,21880.0,8505900
2014-10-24,22060.0,22240.0,21840.0,22240.0,8378450
2014-10-27,22020.0,22220.0,21740.0,21900.0,8388600
2014-10-28,21800.0,22000.0,21720.0,21820.0,6243850
2014-10-29,22000.0,22600.0,21800.0,22600.0,13726100
2014-10-30,22580.0,23660.0,22300.0,23620.0,24566950
2014-10-31,23960.0,25000.0,23700.0,24880.0,38623150
2014-11-03,25000.0,25040.0,24320.0,24700.0,13475800
2014-11-04,24380.0,24840.0,24100.0,24340.0,13000300
2014-11-05,24300.0,24500.0,23880.0,24040.0,10162150
2014-11-06,23960.0,24200.0,23860.0,24080.0,8570150
2014-11-07,24360.0,24360.0,23900.0,24120.0,6030200
2014-11-10,24520.0,25380.0,24440.0,25360.0,19202900
2014-11-11,25100.0,25220.0,24540.0,24620.0,12141400
2014-11-12,24620.0,24680.0,24380.0,24600.0,9079600
2014-11-13,24560.0,24640.0,23980.0,24000.0,11547150
2014-11-14,24020.0,24020.0,23600.0,23880.0,10621750
2014-11-17,23800.0,24400.0,23640.0,24100.0,9693950
2014-11-18,24400.0,24540.0,24300.0,24400.0,10754700
2014-11-19,24760.0,24760.0,24240.0,24360.0,12502750
2014-11-20,24120.0,24400.0,24120.0,24200.0,10024150
2014-11-21,24380.0,24520.0,24340.0,24460.0,12336350
2014-11-24,24940.0,24960.0,24200.0,24400.0,10284300
2014-11-25,24480.0,24480.0,23800.0,23800.0,17811050
2014-11-26,23800.0,24220.0,23640.0,24020.0,12287900
2014-11-27,25460.0,26020.0,25280.0,25280.0,44377800
2014-11-28,25900.0,25920.0,25480.0,25740.0,9844550
2014-12-01,25880.0,25960.0,25740.0,25900.0,12866850
2014-12-02,25900.0,25900.0,25320.0,25900.0,9222700
2014-12-03,26000.0,26020.0,25900.0,25960.0,9735500
2014-12-04,26040.0,26060.0,25960.0,26000.0,8871350
2014-12-05,26280.0,26280.0,26000.0,26040.0,5637800
2014-12-08,26060.0,26420.0,26040.0,26380.0,7916550
2014-12-09,26380.0,27140.0,26380.0,26980.0,13553100
2014-12-10,26920.0,26920.0,26340.0,26340.0,15977800
2014-12-11,26340.0,26380.0,25880.0,26100.0,20490850
2014-12-12,26060.0,26080.0,25480.0,25720.0,14397250
2014-12-15,25600.0,25600.0,25200.0,25460.0,14337950
2014-12-16,25400.0,25780.0,25360.0,25580.0,12894750
2014-12-17,25580.0,25660.0,25060.0,25320.0,13088650
2014-12-18,25320.0,25580.0,25040.0,25320.0,11808250
2014-12-19,25880.0,26560.0,25740.0,26560.0,18356500
2014-12-22,26900.0,26940.0,26360.0,26900.0,17943850
2014-12-23,26920.0,26980.0,26740.0,26780.0,10976350
2014-12-24,26780.0,26860.0,26780.0,26860.0,6257000
2014-12-26,26860.0,27100.0,26860.0,27040.0,11488100
2014-12-29,26900.0,26940.0,26580.0,26580.0,9637450
2014-12-30,26600.0,26700.0,26420.0,26540.0,10649100
2015-01-02,26800.0,26800.0,26540.0,26600.0,8774950
2015-01-05,26720.0,26720.0,26260.0,26660.0,10139500
2015-01-06,26300.0,26340.0,25760.0,25900.0,15235500
2015-01-07,25880.0,26220.0,25640.0,26140.0,14322750
2015-01-08,26780.0,26780.0,26200.0,26280.0,14477600
2015-01-09,26280.0,26440.0,26280.0,26280.0,9312400
2015-01-12,26260.0,26380.0,26020.0,26320.0,8325400
2015-01-13,26280.0,26800.0,26000.0,26780.0,12293400
2015-01-14,26780.0,27100.0,26700.0,26900.0,14332250
2015-01-15,26900.0,26980.0,26580.0,26680.0,14103900
2015-01-16,26680.0,26680.0,26260.0,26320.0,13568500
2015-01-19,26580.0,26980.0,26400.0,26860.0,6672950
2015-01-20,27000.0,27440.0,26900.0,27440.0,13278050
2015-01-21,27340.0,27900.0,27200.0,27900.0,16612650
2015-01-22,27960.0,27980.0,27560.0,27560.0,17957700
2015-01-23,28000.0,28000.0,27540.0,27720.0,12858750
2015-01-26,27500.0,27900.0,27280.0,27780.0,10153500
2015-01-27,27500.0,28000.0,27480.0,28000.0,9957200
2015-01-28,27720.0,27800.0,27480.0,27560.0,10831500
2015-01-29,27360.0,27900.0,27140.0,27200.0,13702250
2015-01-30,27200.0,27540.0,27200.0,27300.0,16110000
2015-02-02,27300.0,27540.0,27120.0,27360.0,10521000
2015-02-03,27600.0,27600.0,27180.0,27320.0,5654400
2015-02-04,27500.0,27620.0,27180.0,27180.0,9328900
2015-02-05,27180.0,27380.0,26920.0,27160.0,6770400
2015-02-06,26920.0,27480.0,26720.0,27440.0,8005050
2015-02-09,27200.0,27980.0,27140.0,27900.0,8693500
2015-02-10,28000.0,28000.0,27540.0,27560.0,6519350
2015-02-11,27480.0,27480.0,27080.0,27100.0,9973800
2015-02-12,26800.0,27160.0,26620.0,26880.0,10748200
2015-02-13,27200.0,27220.0,26900.0,27220.0,6522900
2015-02-16,27360.0,27480.0,27220.0,27480.0,6226500
2015-02-17,27480.0,27540.0,27280.0,27540.0,5745000
2015-02-23,27560.0,27800.0,27320.0,27340.0,15301800
2015-02-24,27700.0,27780.0,27280.0,27340.0,10863250
2015-02-25,27600.0,27700.0,27460.0,27580.0,8374250
2015-02-26,27580.0,27600.0,27360.0,27500.0,8179150
2015-02-27,27500.0,27520.0,27140.0,27140.0,13009400
2015-03-02,27500.0,28460.0,27340.0,28460.0,21805600
2015-03-03,28700.0,28740.0,28120.0,28360.0,13748800
2015-03-04,28220.0,28800.0,28200.0,28740.0,11603100
2015-03-05,28780.0,28860.0,28340.0,28440.0,9615600
2015-03-06,28280.0,28980.0,28120.0,28840.0,11733500
2015-03-09,28800.0,28800.0,28400.0,28400.0,7814600
2015-03-10,28680.0,28860.0,28400.0,28420.0,10419850
2015-03-11,28380.0,29580.0,28360.0,29480.0,21108650
2015-03-12,29200.0,29460.0,28940.0,28940.0,19153200
2015-03-13,29220.0,29580.0,29100.0,29140.0,9413100
2015-03-16,29160.0,29740.0,29100.0,29400.0,8974550
2015-03-17,29400.0,30000.0,29200.0,29940.0,13661150
2015-03-18,29920.0,30120.0,29720.0,30060.0,12464350
2015-03-19,30200.0,30200.0,29400.0,29400.0,13225800
2015-03-20,29500.0,29600.0,29200.0,29280.0,12704950
2015-03-23,29240.0,29480.0,29160.0,29340.0,8122900
2015-03-24,29100.0,29560.0,29100.0,29520.0,9113150
2015-03-25,29740.0,29760.0,29440.0,29700.0,9369050
2015-03-26,29000.0,29120.0,28420.0,28420.0,21005950
2015-03-27,28300.0,28960.0,28300.0,28420.0,16065800
2015-03-30,28500.0,28680.0,28240.0,28560.0,8955500
2015-03-31,28980.0,29040.0,28600.0,28820.0,9842650
2015-04-01,28740.0,28740.0,28400.0,28460.0,7266050
2015-04-02,28680.0,28800.0,28460.0,28680.0,6903400
2015-04-03,28680.0,28800.0,28400.0,28680.0,6270150
2015-04-06,28860.0,29800.0,28700.0,29400.0,10582600
2015-04-07,29560.0,29700.0,29240.0,29240.0,9526050
2015-04-08,29400.0,29700.0,29200.0,29580.0,7773400
2015-04-09,29400.0,29780.0,29400.0,29660.0,9107550
2015-04-10,29600.0,29880.0,29560.0,29800.0,9960100
2015-04-13,29580.0,29820.0,29360.0,29580.0,10293300
2015-04-14,29700.0,29700.0,29300.0,29480.0,9429750
2015-04-15,29200.0,29400.0,28540.0,28920.0,13551050
2015-04-16,29240.0,29540.0,28940.0,29540.0,10762350
2015-04-17,29540.0,29560.0,28940.0,29000.0,10172300
2015-04-20,28920.0,28960.0,28460.0,28600.0,12394900
2015-04-21,28420.0,28900.0,28400.0,28880.0,11852650
2015-04-22,28880.0,29460.0,28720.0,29220.0,12655550
2015-04-23,29400.0,29400.0,28800.0,29020.0,9245150
2015-04-24,28980.0,29100.0,28000.0,28200.0,19089900
2015-04-27,28200.0,28220.0,27500.0,27900.0,16517150
2015-04-28,27800.0,28000.0,27180.0,27320.0,15697300
2015-04-29,27340.0,27880.0,27280.0,27700.0,10895650
2015-04-30,27700.0,28360.0,27580.0,28200.0,18352850
2015-05-04,28140.0,28460.0,27940.0,28000.0,8283700
2015-05-06,27800.0,27820.0,27120.0,27240.0,13270500
2015-05-07,27240.0,27500.0,27080.0,27400.0,10257400
2015-05-08,27320.0,27400.0,26760.0,26760.0,9488100
2015-05-11,27200.0,27200.0,26720.0,26720.0,9640450
2015-05-12,26900.0,27060.0,26480.0,26620.0,10633200
2015-05-13,26980.0,26980.0,26520.0,26660.0,9877250
2015-05-14,26820.0,26860.0,26560.0,26800.0,8488500
2015-05-15,27100.0,27120.0,26420.0,26520.0,8922350
2015-05-18,26700.0,26700.0,26180.0,26400.0,9626850
2015-05-19,26420.0,27100.0,26140.0,26760.0,8680900
2015-05-20,26980.0,27400.0,26820.0,27320.0,10291450
2015-05-21,27420.0,27440.0,26880.0,27040.0,7210600
2015-05-22,27060.0,27060.0,26700.0,27000.0,8195800
2015-05-26,27320.0,27380.0,26720.0,27240.0,10034150
2015-05-27,27200.0,27320.0,26260.0,26280.0,17265450
2015-05-28,26340.0,26420.0,26020.0,26180.0,15048150
2015-05-29,26400.0,26420.0,25940.0,26140.0,17380750
2015-06-01,26000.0,26020.0,25760.0,25820.0,10921950
2015-06-02,26000.0,26060.0,25760.0,26060.0,8757550
2015-06-03,26060.0,26320.0,25300.0,25460.0,11769400
2015-06-04,26300.0,26820.0,26100.0,26740.0,19411950
2015-06-05,26500.0,27100.0,26400.0,26820.0,9828150
2015-06-08,26900.0,26940.0,26260.0,26280.0,10118950
2015-06-09,26000.0,26200.0,25360.0,25640.0,13735250
2015-06-10,25640.0,25880.0,25240.0,25240.0,12501700
2015-06-11,25260.0,25480.0,25060.0,25140.0,15314050
2015-06-12,25560.0,25740.0,25280.0,25540.0,11741500
2015-06-15,25100.0,25480.0,25100.0,25400.0,8067800
2015-06-16,25400.0,25480.0,24900.0,25100.0,12767600
2015-06-17,25000.0,25320.0,24800.0,25080.0,9452300
2015-06-18,25180.0,25580.0,25020.0,25300.0,8247600
2015-06-19,25320.0,25560.0,25200.0,25320.0,7094750
2015-06-22,25820.0,25920.0,25520.0,25620.0,6370900
2015-06-23,26180.0,26560.0,25820.0,26420.0,10159000
2015-06-24,26000.0,26220.0,25820.0,26040.0,10198000
2015-06-25,25800.0,26060.0,25380.0,25380.0,10695800
2015-06-26,25040.0,25800.0,25040.0,25560.0,10347500
2015-06-29,25380.0,25700.0,25120.0,25620.0,11519950
2015-06-30,25520.0,25700.0,25320.0,25360.0,9870350
2015-07-01,25360.0,26040.0,25180.0,25900.0,8324900
2015-07-02,25720.0,26080.0,25700.0,25980.0,8223000
2015-07-03,25740.0,25880.0,25340.0,25360.0,7130200
2015-07-06,25060.0,25200.0,24460.0,24600.0,10099950
2015-07-07,24400.0,25180.0,24400.0,24800.0,12478250
2015-07-08,24800.0,25020.0,24640.0,24780.0,11780950
2015-07-09,24600.0,25300.0,24520.0,25300.0,14030500
2015-07-10,25140.0,25320.0,24960.0,25180.0,9573400
2015-07-13,25000.0,25440.0,24900.0,25320.0,7672050
2015-07-14,25300.0,25400.0,24420.0,24500.0,19989700
2015-07-15,24500.0,24760.0,24480.0,24700.0,8370650
2015-07-16,24460.0,25740.0,24460.0,25640.0,11173450
2015-07-17,26000.0,26220.0,25560.0,26100.0,14861650
2015-07-20,25820.0,26080.0,25460.0,25500.0,6446400
2015-07-21,25500.0,25540.0,24940.0,25260.0,9702750
2015-07-22,24880.0,25200.0,24700.0,25060.0,13416150
2015-07-23,24880.0,25060.0,24680.0,24680.0,10448250
2015-07-24,24540.0,24760.0,24480.0,24580.0,9829200
2015-07-27,24580.0,24940.0,24560.0,24600.0,12152000
2015-07-28,24480.0,25020.0,24380.0,24600.0,13381350
2015-07-29,25000.0,25500.0,24620.0,25260.0,13734450
2015-07-30,25160.0,25200.0,24300.0,24300.0,15419600
2015-07-31,24400.0,24440.0,23500.0,23700.0,19579450
2015-08-03,23680.0,23680.0,23320.0,23500.0,9844550
2015-08-04,23500.0,23740.0,23400.0,23640.0,12844350
2015-08-05,23640.0,23640.0,23160.0,23180.0,12802500
2015-08-06,23100.0,23120.0,22300.0,22300.0,20199050
2015-08-07,22400.0,22740.0,22300.0,22720.0,13787100
2015-08-10,22800.0,22840.0,22600.0,22820.0,5722500
2015-08-11,23020.0,23580.0,22960.0,23140.0,11664300
2015-08-12,23000.0,23280.0,22800.0,23080.0,11154000
2015-08-13,23060.0,23060.0,22760.0,22800.0,7520550
2015-08-14,22800.0,22800.0,22800.0,22800.0,0
2015-08-17,22800.0,22820.0,22080.0,22080.0,11360850
2015-08-18,22360.0,22820.0,22340.0,22620.0,11583600
2015-08-19,23380.0,23520.0,22820.0,23080.0,20070750
2015-08-20,23260.0,23420.0,22600.0,22780.0,10805950
2015-08-21,21980.0,22560.0,21920.0,22020.0,20442550
2015-08-24,21760.0,22300.0,20660.0,21580.0,22429600
2015-08-25,21580.0,22140.0,21340.0,21580.0,19625950
2015-08-26,21360.0,21480.0,21000.0,21340.0,27947600
2015-08-27,21640.0,21720.0,21260.0,21340.0,24769400
2015-08-28,21720.0,21720.0,21460.0,21620.0,23111150
2015-08-31,21420.0,21780.0,21040.0,21780.0,20415450
2015-09-01,21780.0,21960.0,21620.0,21700.0,12018600
2015-09-02,21380.0,21900.0,21300.0,21800.0,15634150
2015-09-03,22040.0,22500.0,21860.0,22440.0,15200350
2015-09-04,22440.0,22880.0,22360.0,22580.0,12570650
2015-09-07,22580.0,22580.0,22100.0,22240.0,9590250
2015-09-08,22260.0,22720.0,22120.0,22620.0,9116500
2015-09-09,22920.0,22940.0,22720.0,22940.0,12968800
2015-09-10,22600.0,22780.0,22360.0,22680.0,18128400
2015-09-11,22520.0,22660.0,22300.0,22300.0,10208350
2015-09-14,22400.0,22480.0,22200.0,22480.0,8353650
2015-09-15,22280.0,22560.0,22260.0,22460.0,11647800
2015-09-16,22420.0,23140.0,22420.0,23040.0,17188150
2015-09-17,23060.0,23140.0,22880.0,23140.0,13698000
2015-09-18,22900.0,23840.0,22700.0,23800.0,21813500
2015-09-21,23260.0,23460.0,23000.0,23000.0,10267950
2015-09-22,22860.0,23000.0,22600.0,22900.0,12533750
2015-09-23,22880.0,22880.0,22500.0,22620.0,9882450
2015-09-24,22520.0,22700.0,22500.0,22520.0,6636050
2015-09-25,22400.0,22500.0,22180.0,22240.0,10458000
2015-09-30,22000.0,22680.0,21800.0,22680.0,22946800
2015-10-01,22800.0,22900.0,22420.0,22680.0,12052050
2015-10-02,22240.0,22660.0,22240.0,22380.0,13715100
2015-10-05,22380.0,22620.0,22300.0,22300.0,12096750
2015-10-06,22600.0,23100.0,22540.0,23020.0,19149350
2015-10-07,23960.0,25040.0,23720.0,25020.0,39975100
2015-10-08,25000.0,25580.0,25000.0,25400.0,28533850
2015-10-12,25200.0,25260.0,24940.0,25200.0,18948700
2015-10-13,25200.0,25440.0,24960.0,25040.0,9900000
2015-10-14,24960.0,25200.0,24740.0,25080.0,8752550
2015-10-15,24880.0,25640.0,24860.0,25380.0,12425150
2015-10-16,25300.0,25380.0,25180.0,25300.0,7198400
2015-10-19,25140.0,25300.0,24980.0,25120.0,5853500
2015-10-20,25200.0,25460.0,25120.0,25320.0,7517350
2015-10-21,25300.0,25640.0,25180.0,25400.0,6978350
2015-10-22,25600.0,25900.0,25380.0,25600.0,11533650
2015-10-23,26000.0,26000.0,25560.0,25780.0,13153550
2015-10-26,25960.0,25960.0,25440.0,25840.0,7608250
2015-10-27,25640.0,25980.0,25620.0,25960.0,6612050
2015-10-28,25880.0,26160.0,25820.0,26160.0,13565150
2015-10-29,26600.0,27840.0,26480.0,26500.0,31523550
2015-10-30,26900.0,27800.0,26820.0,27440.0,25469250
2015-11-02,27700.0,27860.0,27480.0,27660.0,19327300
2015-11-03,27620.0,27620.0,27000.0,27040.0,15092000
2015-11-04,27040.0,27220.0,26520.0,26600.0,14053500
2015-11-05,26600.0,27080.0,26600.0,26840.0,8652100
2015-11-06,26860.0,26960.0,26600.0,26760.0,8216100
2015-11-09,26760.0,26880.0,26420.0,26880.0,9283050
2015-11-10,26720.0,26820.0,26280.0,26420.0,9877550
2015-11-11,26420.0,26900.0,26420.0,26660.0,7022450
2015-11-12,26660.0,26680.0,26340.0,26340.0,7870850
2015-11-13,26340.0,26340.0,26000.0,26000.0,8883850
2015-11-16,25820.0,25820.0,25260.0,25260.0,13785250
2015-11-17,25500.0,25800.0,25400.0,25400.0,9309200
2015-11-18,25440.0,25800.0,25440.0,25620.0,8386750
2015-11-19,25800.0,25800.0,25420.0,25780.0,9642500
2015-11-20,25780.0,25920.0,25560.0,25700.0,8436000
2015-11-23,25700.0,26040.0,25620.0,25640.0,9941000
2015-11-24,25640.0,26100.0,25640.0,25980.0,7978000
2015-11-25,26000.0,26200.0,25980.0,25980.0,7131350
2015-11-26,25980.0,26800.0,25980.0,26700.0,9290000
2015-11-27,26900.0,26980.0,26540.0,26540.0,8492700
2015-11-30,26500.0,26500.0,25680.0,25680.0,26700300
2015-12-01,25880.0,26440.0,25760.0,26420.0,12605650
2015-12-02,26420.0,26440.0,25880.0,26000.0,11481400
2015-12-03,25900.0,25940.0,25720.0,25800.0,8334750
2015-12-04,25500.0,25600.0,25340.0,25380.0,9635550
2015-12-07,25380.0,25500.0,25240.0,25240.0,9805350
2015-12-08,25240.0,25440.0,25240.0,25240.0,6916100
2015-12-09,25240.0,25500.0,25240.0,25260.0,9090600
2015-12-10,25260.0,25860.0,25260.0,25660.0,15193350
2015-12-11,25660.0,25900.0,25440.0,25680.0,10336450
2015-12-14,25460.0,25460.0,25100.0,25220.0,11140050
2015-12-15,25220.0,25600.0,25200.0,25540.0,8774700
2015-12-16,25560.0,26200.0,25560.0,25980.0,10398100
2015-12-17,26020.0,26160.0,25500.0,25800.0,8733850
2015-12-18,25300.0,25760.0,25280.0,25560.0,8418450
2015-12-21,25560.0,25700.0,25220.0,25600.0,8023300
2015-12-22,25600.0,25840.0,25340.0,25840.0,10309600
2015-12-23,25840.0,25980.0,25640.0,25900.0,10357400
2015-12-24,25900.0,26000.0,25700.0,25700.0,7807550
2015-12-28,25700.0,25780.0,25320.0,25320.0,11361500
2015-12-29,25300.0,25320.0,24820.0,25080.0,11647200
2015-12-30,25200.0,25440.0,25080.0,25200.0,10197900
2016-01-04,25200.0,25200.0,24100.0,24100.0,15346950
2016-01-05,24040.0,24360.0,23720.0,24160.0,10800100
2016-01-06,24160.0,24160.0,23360.0,23500.0,18337600
2016-01-07,23320.0,23660.0,23020.0,23260.0,14119400
2016-01-08,23260.0,23720.0,23260.0,23420.0,12888150
2016-01-11,23120.0,23320.0,22920.0,23040.0,12063850
2016-01-12,22960.0,23320.0,22880.0,22920.0,10314150
2016-01-13,23060.0,23180.0,22960.0,22960.0,7165800
2016-01-14,22620.0,22840.0,22620.0,22760.0,10451100
2016-01-15,22800.0,23040.0,22480.0,22640.0,10473200
2016-01-18,21760.0,22660.0,21760.0,22520.0,16010700
2016-01-19,22560.0,23420.0,22560.0,23420.0,10362100
2016-01-20,23200.0,23200.0,22640.0,22760.0,8352600
2016-01-21,22660.0,23100.0,22500.0,22620.0,9517600
2016-01-22,22900.0,23360.0,22900.0,23360.0,7376400
2016-01-25,23440.0,23520.0,23120.0,23240.0,7995650
2016-01-26,23100.0,23140.0,22720.0,22740.0,7619950
2016-01-27,22520.0,23500.0,22520.0,23500.0,13811850
2016-01-28,23280.0,23360.0,22780.0,22900.0,15795600
2016-01-29,22800.0,23000.0,22320.0,23000.0,21849150
2016-02-01,23040.0,23260.0,23020.0,23260.0,12998950
2016-02-02,23220.0,23320.0,22940.0,23120.0,8317400
2016-02-03,23000.0,23040.0,22740.0,22920.0,8725350
2016-02-04,23000.0,23220.0,22960.0,23120.0,12397950
2016-02-05,23120.0,23380.0,23120.0,23280.0,9404700
2016-02-11,22360.0,22740.0,22360.0,22600.0,15263100
2016-02-12,22600.0,23020.0,22440.0,22600.0,12811600
2016-02-15,23080.0,23200.0,22880.0,23080.0,9157300
2016-02-16,23160.0,23580.0,23140.0,23360.0,9020050
2016-02-17,23580.0,24020.0,23380.0,23700.0,12303100
2016-02-18,24060.0,24060.0,23560.0,23740.0,11124050
2016-02-19,23740.0,23900.0,23480.0,23800.0,8842600
2016-02-22,23800.0,23840.0,23320.0,23500.0,8744950
2016-02-23,23580.0,23780.0,23460.0,23620.0,7383700
2016-02-24,23560.0,23580.0,23220.0,23440.0,7024200
2016-02-25,23440.0,23740.0,23440.0,23580.0,6681750
2016-02-26,23600.0,23740.0,23440.0,23440.0,8867200
2016-02-29,23580.0,23880.0,23520.0,23560.0,14434000
2016-03-02,24000.0,24140.0,23920.0,23940.0,11818600
2016-03-03,24260.0,24400.0,24040.0,24400.0,10949550
2016-03-04,24400.0,24560.0,24040.0,24300.0,10074500
2016-03-07,24400.0,24620.0,24300.0,24460.0,6568800
2016-03-08,24460.0,24480.0,23720.0,23840.0,10810100
2016-03-09,23760.0,23980.0,23540.0,23880.0,9169000
2016-03-10,24160.0,24720.0,24020.0,24500.0,14177000
2016-03-11,24500.0,25060.0,24320.0,24980.0,13361250
2016-03-14,25340.0,25460.0,24980.0,25100.0,10857700
2016-03-15,25100.0,25280.0,24920.0,25060.0,8640400
2016-03-16,25120.0,25260.0,25060.0,25120.0,7342800
2016-03-17,25300.0,25920.0,25140.0,25260.0,12343450
2016-03-18,25560.0,25560.0,25260.0,25460.0,11265700
2016-03-21,25480.0,25580.0,25160.0,25340.0,9058500
2016-03-22,25340.0,25580.0,25240.0,25380.0,10143600
2016-03-23,25380.0,25580.0,25240.0,25580.0,9870900
2016-03-24,25580.0,25800.0,25320.0,25640.0,10939750
2016-03-25,25660.0,25800.0,25560.0,25760.0,7172300
2016-03-28,25760.0,26000.0,25760.0,25880.0,6060900
2016-03-29,25880.0,26000.0,25700.0,25800.0,8622700
2016-03-30,26200.0,26420.0,26040.0,26160.0,13380250
2016-03-31,26120.0,26280.0,25960.0,26240.0,19130750
2016-04-01,25980.0,26180.0,25420.0,25580.0,13557800
2016-04-04,25580.0,26100.0,25580.0,26100.0,9402300
2016-04-05,25980.0,25980.0,25200.0,25200.0,11815950
2016-04-06,25380.0,25820.0,25360.0,25700.0,9211700
2016-04-07,26000.0,26000.0,25160.0,25380.0,12939750
2016-04-08,25380.0,25380.0,24800.0,24920.0,12593400
2016-04-11,24920.0,25420.0,24920.0,25320.0,6034650
2016-04-12,25400.0,25620.0,25320.0,25500.0,6702700
2016-04-14,26000.0,26040.0,25780.0,26000.0,16766350
2016-04-15,26180.0,26200.0,25800.0,26000.0,6829950
2016-04-18,25900.0,26100.0,25840.0,25980.0,6423700
2016-04-19,25880.0,25920.0,25660.0,25760.0,7238300
2016-04-20,25640.0,26000.0,25640.0,25980.0,8598600
2016-04-21,26000.0,26020.0,25760.0,25880.0,7254450
2016-04-22,25880.0,25880.0,25540.0,25600.0,5741500
2016-04-25,25700.0,25700.0,25420.0,25620.0,4597850
2016-04-26,25700.0,26100.0,25660.0,25920.0,8345050
2016-04-27,25880.0,26000.0,25720.0,26000.0,8297300
2016-04-28,26000.0,26000.0,25220.0,25300.0,14653450
2016-04-29,25200.0,25340.0,24840.0,24900.0,16253900
2016-05-02,24940.0,25240.0,24900.0,25000.0,7027600
2016-05-03,25340.0,25400.0,25120.0,25220.0,7903300
2016-05-04,25440.0,25800.0,25240.0,25800.0,14702750
2016-05-09,25800.0,26000.0,25700.0,25980.0,13718100
2016-05-10,25980.0,26000.0,25760.0,25920.0,8559550
2016-05-11,25920.0,25980.0,25740.0,25840.0,8834400
2016-05-12,25840.0,25840.0,25500.0,25620.0,7615100
2016-05-13,25620.0,25620.0,25020.0,25060.0,12284900
2016-05-16,25060.0,25260.0,24940.0,24960.0,11720150
2016-05-17,24980.0,25300.0,24980.0,25280.0,9183550
2016-05-18,25280.0,25420.0,25100.0,25360.0,9169600
2016-05-19,25360.0,25540.0,25320.0,25400.0,10012450
2016-05-20,25400.0,25600.0,25380.0,25380.0,7960550
2016-05-23,25380.0,25720.0,25380.0,25720.0,8112550
2016-05-24,25720.0,25780.0,25360.0,25420.0,10434600
2016-05-25,25660.0,25960.0,25480.0,25900.0,11862750
2016-05-26,25980.0,26060.0,25900.0,25920.0,12653650
2016-05-27,26000.0,26020.0,25460.0,25640.0,13744550
2016-05-30,25940.0,25940.0,25480.0,25600.0,10315350
2016-05-31,25600.0,26000.0,25360.0,25840.0,62527700
2016-06-01,25960.0,26820.0,25900.0,26660.0,23504000
2016-06-02,27000.0,27440.0,26920.0,27300.0,23806950
2016-06-03,27400.0,27580.0,27280.0,27540.0,17066200
2016-06-07,27720.0,28040.0,27600.0,27960.0,23142150
2016-06-08,28380.0,28380.0,27780.0,28120.0,18808100
2016-06-09,28160.0,28600.0,28120.0,28600.0,25768750
2016-06-10,28480.0,28500.0,28080.0,28120.0,14484050
2016-06-13,27920.0,27920.0,27240.0,27420.0,15248300
2016-06-14,27420.0,27720.0,27380.0,27600.0,12273050
2016-06-15,27700.0,28320.0,27660.0,28260.0,15334450
2016-06-16,28260.0,28340.0,27900.0,28180.0,14621550
2016-06-17,28200.0,28700.0,28200.0,28520.0,16419700
2016-06-20,28540.0,28960.0,28520.0,28620.0,13515800
2016-06-21,28640.0,28980.0,28520.0,28960.0,10020550
2016-06-22,28920.0,29000.0,28620.0,28900.0,8948250
2016-06-23,28880.0,28900.0,28540.0,28600.0,11256300
2016-06-24,28900.0,28900.0,27200.0,28000.0,20552600
2016-06-27,28000.0,28100.0,27700.0,27960.0,11839000
2016-06-28,27800.0,28080.0,27580.0,27980.0,10718950
2016-06-29,28160.0,28240.0,27820.0,27920.0,10527050
2016-06-30,28160.0,28900.0,27940.0,28500.0,13671700
2016-07-01,28540.0,29580.0,28540.0,29320.0,14393600
2016-07-04,29280.0,29480.0,29020.0,29320.0,7995000
2016-07-05,29320.0,29500.0,29240.0,29380.0,7870350
2016-07-06,28940.0,29040.0,28240.0,28420.0,16749150
2016-07-07,28420.0,29000.0,28320.0,29000.0,11495200
2016-07-08,29000.0,29500.0,28980.0,29200.0,13498150
2016-07-11,29200.0,30000.0,29200.0,29780.0,14056800
2016-07-12,29980.0,30100.0,29200.0,29280.0,11024700
2016-07-13,29920.0,29920.0,29260.0,29620.0,10009900
2016-07-14,29620.0,30000.0,29520.0,30000.0,12430250
2016-07-15,30000.0,30440.0,29720.0,30360.0,11623150
2016-07-18,30360.0,30660.0,30000.0,30660.0,11567200
2016-07-19,30560.0,30800.0,30440.0,30660.0,10122250
2016-07-20,30660.0,30840.0,30480.0,30800.0,7773150
2016-07-21,30800.0,30940.0,30740.0,30860.0,8544700
2016-07-22,30120.0,30560.0,30120.0,30320.0,8585150
2016-07-25,30000.0,30460.0,29900.0,30040.0,7732500
2016-07-26,30000.0,30620.0,29960.0,30600.0,7228500
2016-07-27,30240.0,30580.0,30240.0,30540.0,6335050
2016-07-28,30660.0,30720.0,29960.0,30140.0,9503700
2016-07-29,30400.0,31140.0,30220.0,30780.0,14985600
2016-08-01,31380.0,31600.0,31200.0,31360.0,11515400
2016-08-02,31360.0,31360.0,30920.0,30960.0,8315800
2016-08-03,30960.0,30960.0,30340.0,30340.0,7504900
2016-08-04,30380.0,30660.0,30340.0,30340.0,7009950
2016-08-05,30580.0,31280.0,30500.0,31220.0,6958850
2016-08-08,31320.0,31500.0,31120.0,31380.0,11125150
2016-08-09,31480.0,31580.0,31140.0,31340.0,9023200
2016-08-10,31340.0,31400.0,30680.0,30820.0,12340350
2016-08-11,30820.0,31180.0,30520.0,31180.0,10533600
2016-08-12,31180.0,31400.0,30880.0,30900.0,10474850
2016-08-16,30900.0,31520.0,30900.0,31360.0,10843100
2016-08-17,31380.0,31400.0,31020.0,31320.0,7446450
2016-08-18,31340.0,32880.0,31320.0,32800.0,18327050
2016-08-19,32760.0,33500.0,32720.0,33500.0,16805150
2016-08-22,33480.0,33840.0,33180.0,33300.0,12612200
2016-08-23,33300.0,33880.0,33140.0,33740.0,11545700
2016-08-24,33600.0,33640.0,32720.0,33060.0,15938550
2016-08-25,32600.0,33180.0,32440.0,32780.0,14173800
2016-08-26,32120.0,32460.0,32060.0,32240.0,12058000
2016-08-29,32040.0,32800.0,31940.0,32800.0,8925750
2016-08-30,32940.0,33420.0,32660.0,32900.0,7849600
2016-08-31,32820.0,32820.0,32220.0,32400.0,20532200
2016-09-01,31660.0,31760.0,31260.0,31740.0,18790150
2016-09-02,31900.0,32260.0,31760.0,31940.0,8153000
2016-09-05,31800.0,32300.0,31700.0,32120.0,8383800
2016-09-06,32140.0,32900.0,31940.0,32860.0,7660150
2016-09-07,32960.0,33040.0,32420.0,32420.0,9591850
2016-09-08,32460.0,32780.0,32280.0,32780.0,12070850
2016-09-09,32220.0,32360.0,31280.0,31500.0,13258400
2016-09-12,29800.0,30120.0,29120.0,29300.0,26499350
2016-09-13,30160.0,30980.0,29900.0,30540.0,24717250
2016-09-19,30760.0,31380.0,30720.0,31160.0,22408150
2016-09-20,31180.0,31760.0,31180.0,31700.0,12921150
2016-09-21,31900.0,32020.0,31520.0,31840.0,10509050
2016-09-22,32000.0,32820.0,31980.0,32360.0,11429950
2016-09-23,31640.0,31960.0,31320.0,31420.0,18299650
2016-09-26,31420.0,31920.0,31280.0,31360.0,14524800
2016-09-27,31000.0,31500.0,30660.0,31380.0,9834400
2016-09-28,31080.0,31460.0,31080.0,31340.0,8706400
2016-09-29,31460.0,32380.0,31440.0,32000.0,11397550
2016-09-30,31800.0,32300.0,31700.0,31960.0,11762700
2016-10-04,32200.0,32480.0,32120.0,32280.0,13053100
2016-10-05,32020.0,32520.0,31940.0,32380.0,12470450
2016-10-06,33920.0,34000.0,33340.0,33820.0,29558150
2016-10-07,34000.0,34320.0,33800.0,34120.0,26050550
2016-10-10,33000.0,33780.0,32560.0,33600.0,25293300
2016-10-11,32000.0,32500.0,30900.0,30900.0,38427150
2016-10-12,29900.0,30900.0,29880.0,30700.0,39088550
2016-10-13,31000.0,31620.0,30900.0,31140.0,21864550
2016-10-14,30960.0,31760.0,30940.0,31540.0,14158950
2016-10-17,31300.0,32040.0,30760.0,31800.0,12785200
2016-10-18,31440.0,31900.0,31440.0,31780.0,10384500
2016-10-19,31580.0,32860.0,31500.0,32500.0,15444550
2016-10-20,32520.0,33020.0,32180.0,32400.0,10330450
2016-10-21,32120.0,32260.0,31760.0,31780.0,10477500
2016-10-24,31860.0,32160.0,31800.0,32160.0,9289950
2016-10-25,32000.0,32080.0,31840.0,31940.0,9866100
2016-10-26,31940.0,31980.0,31240.0,31340.0,10534000
2016-10-27,31420.0,32340.0,31120.0,31460.0,14117000
2016-10-28,31600.0,32280.0,31600.0,32280.0,10214200
2016-10-31,32320.0,32780.0,32220.0,32780.0,12067200
2016-11-01,32600.0,33040.0,32240.0,33040.0,10347400
2016-11-02,32800.0,33040.0,32620.0,32860.0,10099250
2016-11-03,32600.0,32800.0,32120.0,32320.0,10341850
2016-11-04,32100.0,32680.0,32100.0,32540.0,7103850
2016-11-07,32940.0,33000.0,32680.0,32800.0,7661900
2016-11-08,32980.0,32980.0,32700.0,32880.0,5417450
2016-11-09,32920.0,33140.0,31820.0,31920.0,15683600
2016-11-10,32600.0,33000.0,32360.0,32980.0,11795350
2016-11-11,31700.0,32360.0,31700.0,31960.0,12836800
2016-11-14,31900.0,31920.0,31040.0,31060.0,15133300
2016-11-15,31060.0,31620.0,30780.0,30780.0,13665700
2016-11-16,30800.0,31280.0,30800.0,31160.0,13308200
2016-11-17,31100.0,31520.0,30900.0,31360.0,7870550
2016-11-18,31640.0,31760.0,31400.0,31720.0,9460750
2016-11-21,31300.0,32120.0,31300.0,31860.0,8180200
2016-11-22,32140.0,32900.0,32000.0,32800.0,9751100
2016-11-23,33220.0,33220.0,32520.0,32980.0,12668600
2016-11-24,32980.0,33040.0,32660.0,33000.0,7757150
2016-11-25,32820.0,33040.0,32660.0,33000.0,6276900
2016-11-28,33000.0,33620.0,32800.0,33540.0,13294050
2016-11-29,33800.0,33960.0,33380.0,33540.0,18081300
2016-11-30,33540.0,34940.0,33540.0,34920.0,28535200
2016-12-01,34800.0,35060.0,34660.0,34980.0,15535350
2016-12-02,34480.0,34760.0,34140.0,34540.0,15352950
2016-12-05,34340.0,34680.0,34220.0,34360.0,8484600
2016-12-06,34440.0,35200.0,34400.0,34960.0,14001800
2016-12-07,35040.0,35480.0,35040.0,35440.0,9603650
2016-12-08,35980.0,36020.0,35520.0,35800.0,16462550
2016-12-09,35900.0,35900.0,35400.0,35600.0,10652450
2016-12-12,34660.0,35360.0,34660.0,35040.0,11414450
2016-12-13,34620.0,35440.0,34620.0,35320.0,11684450
2016-12-14,35560.0,35680.0,35280.0,35540.0,7455100
2016-12-15,34820.0,35500.0,34820.0,35180.0,5773550
2016-12-16,35300.0,36020.0,35200.0,35860.0,11747700
2016-12-19,35620.0,36380.0,35620.0,35900.0,5435800
2016-12-20,35920.0,36400.0,35840.0,36240.0,7615200
2016-12-21,36360.0,36600.0,36020.0,36100.0,6552100
2016-12-22,36260.0,36300.0,35980.0,36180.0,6354600
2016-12-23,36020.0,36080.0,35600.0,35640.0,8334850
2016-12-26,35600.0,36000.0,35560.0,35960.0,4823600
2016-12-27,35980.0,36200.0,35860.0,35980.0,4653450
2016-12-28,35840.0,35980.0,35600.0,35760.0,6662900
2016-12-29,35420.0,36040.0,35400.0,36040.0,7516450
2017-01-02,35980.0,36240.0,35880.0,36100.0,4650600
2017-01-03,36280.0,36620.0,36020.0,36480.0,7357650
2017-01-04,36500.0,36520.0,36100.0,36160.0,7971750
2017-01-05,36060.0,36060.0,35540.0,35560.0,10967450
2017-01-06,36180.0,36440.0,36040.0,36200.0,8880950
2017-01-09,36600.0,37500.0,36560.0,37220.0,13194900
2017-01-10,37280.0,37400.0,37080.0,37240.0,9099800
2017-01-11,37520.0,38560.0,37420.0,38280.0,12018150
2017-01-12,38000.0,38800.0,37980.0,38800.0,11669150
2017-01-13,38100.0,38320.0,37460.0,37460.0,15954450
2017-01-16,36860.0,37820.0,36320.0,36660.0,16611500
2017-01-17,36580.0,37460.0,36580.0,36960.0,8150700
2017-01-18,37040.0,37500.0,36620.0,36940.0,8875400
2017-01-19,37720.0,37920.0,37020.0,37480.0,9418900
2017-01-20,37120.0,37420.0,36880.0,37200.0,9185000
2017-01-23,37200.0,38060.0,37000.0,38060.0,8810400
2017-01-24,38120.0,38580.0,37880.0,38160.0,11048750
2017-01-25,38340.0,39400.0,38320.0,39400.0,13433850
2017-01-26,39420.0,40000.0,39420.0,39900.0,15214500
2017-01-31,39900.0,39900.0,39460.0,39460.0,17992200
2017-02-01,39540.0,39660.0,39040.0,39120.0,14150400
2017-02-02,39600.0,39660.0,39200.0,39360.0,15029300
2017-02-03,39400.0,39500.0,39180.0,39460.0,10386350
2017-02-06,39580.0,39660.0,39140.0,39560.0,8860700
2017-02-07,39560.0,39580.0,38760.0,38820.0,14041800
2017-02-08,38740.0,38780.0,38200.0,38400.0,17092950
2017-02-09,38780.0,38840.0,38220.0,38400.0,13694150
2017-02-10,38400.0,38760.0,38300.0,38360.0,11020750
2017-02-13,37740.0,38060.0,37720.0,37960.0,11102050
2017-02-14,37960.0,38260.0,37320.0,37580.0,13124150
2017-02-15,37080.0,37960.0,37080.0,37720.0,14191550
2017-02-16,37800.0,38360.0,37780.0,38020.0,10226350
2017-02-17,37560.0,38040.0,37280.0,37860.0,15377450
2017-02-20,38220.0,38780.0,38160.0,38660.0,7485800
2017-02-21,38540.0,39560.0,38420.0,38940.0,10562600
2017-02-22,39000.0,39340.0,38980.0,39300.0,8539450
2017-02-23,39020.0,39440.0,39020.0,39180.0,10217300
2017-02-24,38960.0,39100.0,38060.0,38220.0,9296850
2017-02-27,38020.0,38140.0,37700.0,38060.0,9033700
2017-02-28,38060.0,38760.0,37960.0,38440.0,15088700
2017-03-02,38420.0,39860.0,38420.0,39720.0,21249800
2017-03-03,39340.0,39720.0,39160.0,39620.0,12708700
2017-03-06,39220.0,40220.0,39220.0,40080.0,12234850
2017-03-07,39800.0,40320.0,39800.0,40200.0,10553250
2017-03-08,40200.0,40620.0,40140.0,40200.0,12140950
2017-03-09,40200.0,40300.0,40020.0,40200.0,14372250
2017-03-10,39960.0,40420.0,39860.0,40180.0,10227800
2017-03-13,40040.0,40980.0,40040.0,40600.0,7424100
2017-03-14,40620.0,41540.0,40500.0,41360.0,11325050
2017-03-15,40800.0,41440.0,40800.0,41400.0,9587850
2017-03-16,41800.0,42180.0,41540.0,41840.0,9933150
2017-03-17,41800.0,42500.0,41720.0,42400.0,12602300
2017-03-20,42000.0,42120.0,41740.0,41900.0,10250050
2017-03-21,41780.0,42680.0,41760.0,42560.0,14220150
2017-03-22,41600.0,42460.0,41580.0,42460.0,16427250
2017-03-23,42200.0,42360.0,41700.0,41800.0,15397100
2017-03-24,41600.0,41980.0,41080.0,41500.0,12808150
2017-03-27,41200.0,41880.0,41180.0,41200.0,12177650
2017-03-28,41560.0,41840.0,41380.0,41480.0,8216250
2017-03-29,41740.0,41960.0,41580.0,41780.0,10093250
2017-03-30,41880.0,42440.0,41880.0,41980.0,8204000
2017-03-31,41820.0,42020.0,41200.0,41200.0,10500300
2017-04-03,41400.0,41720.0,41300.0,41440.0,9579400
2017-04-04,41600.0,42180.0,41520.0,42080.0,12255500
2017-04-05,41900.0,42240.0,41700.0,42140.0,10699700
2017-04-06,42000.0,42080.0,41600.0,41840.0,9683400
2017-04-07,41800.0,41820.0,41160.0,41600.0,10021000
2017-04-10,41940.0,41940.0,41500.0,41940.0,7141350
2017-04-11,41940.0,41940.0,41580.0,41600.0,7172900
2017-04-12,41860.0,41940.0,41700.0,41900.0,8274900
2017-04-13,41660.0,42460.0,41660.0,42420.0,9040800
2017-04-14,42160.0,42260.0,41760.0,42020.0,5462850
2017-04-17,42000.0,42080.0,41520.0,41560.0,5224750
2017-04-18,41680.0,41820.0,41280.0,41500.0,6860650
2017-04-19,41300.0,41420.0,40900.0,40900.0,11762900
2017-04-20,40580.0,40800.0,40080.0,40280.0,21148850
2017-04-21,40480.0,41400.0,40480.0,40760.0,15130500
2017-04-24,41260.0,41260.0,40920.0,41240.0,8990150
2017-04-25,41460.0,42740.0,41320.0,42700.0,19299600
2017-04-26,42700.0,42800.0,42520.0,42800.0,14794800
2017-04-27,42700.0,44520.0,41960.0,43840.0,23032250
2017-04-28,45780.0,45800.0,44520.0,44620.0,22685700
2017-05-02,45500.0,45500.0,44760.0,44900.0,14068300
2017-05-04,45700.0,45700.0,44860.0,45520.0,13690100
2017-05-08,45520.0,47020.0,45340.0,47020.0,19582550
2017-05-10,46160.0,47220.0,45600.0,45600.0,23410950
2017-05-11,45420.0,46180.0,45220.0,45500.0,21277850
2017-05-12,45760.0,46160.0,45660.0,45820.0,9422900
2017-05-15,45620.0,46280.0,45620.0,46100.0,8001400
2017-05-16,46660.0,46800.0,46100.0,46380.0,8803750
2017-05-17,46120.0,46640.0,46100.0,46340.0,7424450
2017-05-18,45740.0,46000.0,45540.0,45940.0,11160350
2017-05-19,45640.0,45780.0,44720.0,44720.0,15762350
2017-05-22,45040.0,45380.0,44760.0,45100.0,17643550
2017-05-23,45400.0,45580.0,44900.0,44920.0,12607050
2017-05-24,44860.0,45300.0,44800.0,44880.0,8675400
2017-05-25,45160.0,45680.0,44800.0,45680.0,13044800
2017-05-26,45600.0,46460.0,45540.0,46080.0,13613650
2017-05-29,46220.0,46400.0,45380.0,45620.0,8739550
2017-05-30,45520.0,45660.0,44480.0,44640.0,12433600
2017-05-31,44580.0,45020.0,44400.0,44700.0,18669100
2017-06-01,44860.0,44900.0,44400.0,44680.0,9753500
2017-06-02,45060.0,45960.0,45000.0,45960.0,12488750
2017-06-05,46040.0,46360.0,45720.0,45940.0,7599400
2017-06-07,46500.0,46500.0,45240.0,45300.0,13729400
2017-06-08,45000.0,45580.0,45000.0,45160.0,13978750
2017-06-09,45680.0,46440.0,45600.0,46100.0,11732850
2017-06-12,45420.0,45600.0,45140.0,45380.0,10954300
2017-06-13,45140.0,45620.0,45140.0,45400.0,8624900
2017-06-14,45800.0,46060.0,45240.0,45360.0,10166700
2017-06-15,45680.0,45920.0,45180.0,45680.0,9657000
2017-06-16,45500.0,45940.0,45460.0,45580.0,17403450
2017-06-19,45580.0,46560.0,45560.0,46560.0,11303900
2017-06-20,47240.0,48140.0,47220.0,48140.0,15045000
2017-06-21,47740.0,48120.0,47480.0,47480.0,9973650
2017-06-22,47960.0,48080.0,47720.0,47960.0,11455800
2017-06-23,47600.0,47780.0,47420.0,47620.0,9515100
2017-06-26,47520.0,48360.0,47520.0,48280.0,8552800
2017-06-27,48220.0,48400.0,47900.0,48300.0,9616750
2017-06-28,47600.0,48000.0,47560.0,47700.0,9572500
2017-06-29,48040.0,48320.0,47940.0,47940.0,8306550
2017-06-30,47500.0,47620.0,47100.0,47540.0,11877550
2017-07-03,47500.0,47780.0,47120.0,47220.0,6805550
2017-07-04,47160.0,47400.0,46900.0,47000.0,7961000
2017-07-05,46820.0,47680.0,46780.0,47580.0,10640250
2017-07-06,48000.0,48100.0,47720.0,48060.0,10923050
2017-07-07,47740.0,48120.0,47620.0,47860.0,8131900
2017-07-10,48500.0,48900.0,48320.0,48660.0,10792750
2017-07-11,48640.0,49000.0,48280.0,49000.0,9717800
2017-07-12,49000.0,50000.0,48840.0,49880.0,9486150
2017-07-13,50080.0,50940.0,50040.0,50560.0,16034150
2017-07-14,51000.0,51080.0,50420.0,50480.0,8239000
2017-07-17,50900.0,51020.0,50520.0,50640.0,8976100
2017-07-18,50420.0,50880.0,50360.0,50840.0,7084450
2017-07-19,50620.0,50820.0,50000.0,50740.0,11157500
2017-07-20,50760.0,51320.0,50560.0,51200.0,8367600
2017-07-21,50860.0,51160.0,50520.0,51080.0,8449050
2017-07-24,50700.0,51000.0,50620.0,50860.0,7099750
2017-07-25,50500.0,50760.0,49940.0,50000.0,10810600
2017-07-26,49600.0,50020.0,49300.0,49840.0,11224800
2017-07-27,50000.0,50640.0,49560.0,49800.0,11449500
2017-07-28,49800.0,49800.0,47380.0,47760.0,26168300
2017-07-31,47420.0,48240.0,46920.0,48200.0,12701400
2017-08-01,48000.0,48840.0,47540.0,48600.0,11369500
2017-08-02,49200.0,49340.0,48600.0,49000.0,7777450
2017-08-03,49000.0,49000.0,47120.0,47780.0,15540800
2017-08-04,48160.0,48180.0,47500.0,47700.0,8359200
2017-08-07,47500.0,48080.0,47440.0,47580.0,7218250
2017-08-08,47980.0,48260.0,47480.0,47720.0,7979600
2017-08-09,47400.0,47400.0,46240.0,46280.0,14555400
2017-08-10,46200.0,46320.0,45460.0,45900.0,22986150
2017-08-11,45120.0,45300.0,44220.0,44620.0,25407300
2017-08-14,45120.0,45400.0,44720.0,45000.0,19185600
2017-08-16,46220.0,46380.0,46000.0,46200.0,21913650
2017-08-17,46960.0,47300.0,46740.0,47040.0,12415850
2017-08-18,46760.0,47240.0,46240.0,46900.0,10477950
2017-08-21,47240.0,47240.0,46580.0,46840.0,5103450
2017-08-22,46820.0,47160.0,46700.0,47000.0,7381750
2017-08-23,47780.0,47780.0,47180.0,47480.0,9384700
2017-08-24,47520.0,47660.0,47340.0,47520.0,8657450
2017-08-25,47880.0,47880.0,46720.0,47020.0,11243550
2017-08-28,47020.0,47240.0,45960.0,46100.0,9962100
2017-08-29,45640.0,46080.0,45160.0,46080.0,12623650
2017-08-30,46380.0,46400.0,45960.0,46200.0,7513000
2017-08-31,46220.0,46640.0,46000.0,46320.0,11011700
2017-09-01,46460.0,46640.0,46300.0,46480.0,10641700
2017-09-04,45780.0,46360.0,45500.0,46040.0,7943500
2017-09-05,46240.0,46900.0,45960.0,46760.0,11716100
2017-09-06,46760.0,47180.0,46700.0,47000.0,10811050
2017-09-07,47000.0,48220.0,47000.0,48120.0,9676500
2017-09-08,48700.0,49180.0,48580.0,49080.0,10893000
2017-09-11,49700.0,50180.0,49500.0,49800.0,10374750
2017-09-12,50200.0,50220.0,49140.0,49600.0,12029750
2017-09-13,49820.0,50400.0,49440.0,49620.0,9357000
2017-09-14,50060.0,50320.0,49760.0,50300.0,14204750
2017-09-15,50300.0,50560.0,49860.0,50400.0,10757300
2017-09-18,50540.0,52480.0,50520.0,52480.0,11524950
2017-09-19,52500.0,52640.0,51780.0,52120.0,9850400
2017-09-20,52120.0,52500.0,51840.0,52220.0,9292750
2017-09-21,52220.0,52960.0,52220.0,52800.0,8839800
2017-09-25,53000.0,53680.0,53000.0,53620.0,9303100
2017-09-26,53620.0,53620.0,53620.0,53620.0,0
2017-09-27,52000.0,52200.0,51500.0,51680.0,10797000
2017-09-28,52260.0,52460.0,51260.0,51260.0,12025450
2017-09-29,51180.0,51620.0,50840.0,51280.0,12909400
2017-10-10,53360.0,53640.0,52800.0,52800.0,20519800
2017-10-11,53600.0,54760.0,53340.0,54640.0,13652150
2017-10-12,54840.0,55160.0,54100.0,54800.0,13890700
2017-10-13,54540.0,54840.0,53780.0,54000.0,12601650
2017-10-16,53980.0,54860.0,53760.0,53920.0,9769950
2017-10-17,54020.0,55380.0,54000.0,54800.0,10607800
2017-10-18,54820.0,55240.0,54040.0,54760.0,10110750
2017-10-19,54700.0,54700.0,52980.0,52980.0,12108700
2017-10-20,52800.0,54100.0,52800.0,53840.0,8027050
2017-10-23,54600.0,54640.0,54000.0,54300.0,8311050
2017-10-24,54700.0,54780.0,54040.0,54040.0,5806050
2017-10-25,54040.0,54420.0,53700.0,53900.0,5882850
2017-10-26,53720.0,53900.0,52400.0,52400.0,9776550
2017-10-27,52400.0,53320.0,52140.0,53080.0,7392500
2017-10-30,53780.0,54320.0,53700.0,54040.0,8196150
2017-10-31,54060.0,55440.0,53500.0,55080.0,13381550
2017-11-01,57500.0,57500.0,56180.0,57220.0,14510250
2017-11-02,57500.0,57520.0,56760.0,57060.0,10721050
2017-11-03,57060.0,57140.0,55860.0,56380.0,9935800
2017-11-06,56380.0,56500.0,55340.0,56380.0,9000950
2017-11-07,56380.0,56920.0,55860.0,56100.0,7464550
2017-11-08,56100.0,57060.0,55860.0,56760.0,8520200
2017-11-09,56920.0,56920.0,55900.0,56340.0,11994050
2017-11-10,55800.0,56540.0,55780.0,56400.0,6748800
2017-11-13,56400.0,56800.0,56100.0,56380.0,8806650
2017-11-14,56380.0,56740.0,55920.0,55920.0,6725000
2017-11-15,55920.0,56320.0,55320.0,55340.0,8816950
2017-11-16,55440.0,56000.0,55400.0,55780.0,7640700
2017-11-17,56400.0,56880.0,55820.0,55820.0,10733150
2017-11-20,55900.0,55980.0,55200.0,55200.0,9472750
2017-11-21,55400.0,55840.0,55280.0,55280.0,10324700
2017-11-22,55980.0,56200.0,55620.0,55960.0,7952950
2017-11-23,55960.0,55980.0,55020.0,55300.0,6272900
2017-11-24,55300.0,55500.0,55180.0,55460.0,4536200
2017-11-27,55360.0,55360.0,52640.0,52640.0,18128900
2017-11-28,52700.0,53280.0,51720.0,53280.0,13499400
2017-11-29,53200.0,53240.0,52500.0,52600.0,9590250
2017-11-30,50800.0,51860.0,50200.0,50800.0,29634150
2017-12-01,50800.0,51780.0,50800.0,50840.0,12868600
2017-12-04,50840.0,51340.0,50020.0,51340.0,14865050
2017-12-05,50600.0,51300.0,50280.0,51260.0,9326550
2017-12-06,51260.0,51560.0,50020.0,50020.0,10889200
2017-12-07,50040.0,50980.0,50020.0,50740.0,11065600
2017-12-08,51360.0,52000.0,51040.0,52000.0,11290450
2017-12-11,52000.0,52040.0,51500.0,51780.0,8125850
2017-12-12,51820.0,52100.0,51660.0,52100.0,8765050
2017-12-13,52100.0,52100.0,51100.0,51320.0,11333700
2017-12-14,51320.0,52280.0,51060.0,51060.0,20310400
2017-12-15,51240.0,51480.0,50520.0,50620.0,14928550
2017-12-18,50620.0,51240.0,50620.0,51200.0,7350250
2017-12-19,51540.0,52080.0,51520.0,51560.0,11978600
2017-12-21,51000.0,51060.0,49100.0,49140.0,15624300
2017-12-22,49400.0,49960.0,49240.0,49700.0,11199650
2017-12-26,49760.0,50100.0,48200.0,48200.0,16039850
2017-12-27,48960.0,49560.0,48460.0,49360.0,10743600
2017-12-28,49560.0,50960.0,49500.0,50960.0,8985450
